candidate,family,rows,weight_sum,numerator,denominator,mean_fold_r2,min_fold_r2,std_fold_r2,global_r2
s05_101_fixed_risk_cons_s100_w0p5,cheap_fixed_blend,11028424,28034941.5,17151500.497732315,17394888.5,0.013629574889054853,0.0073223083286986235,0.00783580154687958,0.013991926551738754
s02_010_fixed_risk_cons_s100_w0p75,cheap_fixed_blend,11028424,28034941.5,17151551.864165008,17394888.5,0.013619523471685047,0.0072905455455690715,0.007985026566735162,0.013988973590431053
s07_111_fixed_risk_cons_s100_w0p5,cheap_fixed_blend,11028424,28034941.5,17151597.875219382,17394888.5,0.0136249683616253,0.007336103350719658,0.00785276259977729,0.01398632849992787
s02_010_fixed_risk_aggr_s100_w0p75,cheap_fixed_blend,11028424,28034941.5,17151619.571661107,17394888.5,0.013613147729596898,0.007270021662763915,0.007992335089252312,0.013985081211580819
s05_101_wf_risk_cons_s100,cheap_walk_forward_blend,11028424,28034941.5,17151647.558298096,17394888.5,0.013617641338113962,0.0072772791169470885,0.007847283529762845,0.013983472311530187
s06_011_fixed_risk_cons_s100_w0p75,cheap_fixed_blend,11028424,28034941.5,17151687.525649324,17394888.5,0.013625055386236507,0.007344434858884141,0.007966412228267624,0.013981174662354157
s05_101_fixed_risk_aggr_s100_w0p5,cheap_fixed_blend,11028424,28034941.5,17151700.05263671,17394888.5,0.013614696549991945,0.007285334192648429,0.007844566944893258,0.013980454508994988
s02_010_fixed_risk_cons_s25_w0p75,cheap_fixed_blend,11028424,28034941.5,17151724.92826162,17394888.5,0.013610812580556075,0.007293527456908366,0.007977559824872268,0.013979024455280653
s06_011_fixed_risk_aggr_s100_w0p75,cheap_fixed_blend,11028424,28034941.5,17151732.764350194,17394888.5,0.0136201257442913,0.007324177145590305,0.007978114578526473,0.013978573973026931
s05_101_fixed_risk_cons_s25_w0p5,cheap_fixed_blend,11028424,28034941.5,17151736.57129011,17394888.5,0.013617849022450713,0.0073272809388287286,0.007827007911113954,0.013978355119085184
s02_010_fixed_risk_aggr_s25_w0p75,cheap_fixed_blend,11028424,28034941.5,17151736.82092912,17394888.5,0.01360730797812082,0.0072745760072377985,0.007985448906193503,0.01397834076779958
s02_010_fixed_risk_cons_s100_w0p5,cheap_fixed_blend,11028424,28034941.5,17151737.77626861,17394888.5,0.013602847282899178,0.007205961064349675,0.007950623466040807,0.013978285847097593
s06_011_fixed_risk_cons_s100_w0p5,cheap_fixed_blend,11028424,28034941.5,17151754.875557557,17394888.5,0.013610540522443482,0.007244228249518869,0.007939010641839127,0.01397730284056975
s07_111_wf_risk_cons_s100,cheap_walk_forward_blend,11028424,28034941.5,17151764.19263576,17394888.5,0.013611100316875003,0.007275390389400727,0.007863308320092749,0.013976767218958575
s05_101_fixed_risk_aggr_s25_w0p5,cheap_fixed_blend,11028424,28034941.5,17151780.12166034,17394888.5,0.013610983009676402,0.007293580755937112,0.00783853956864893,0.0139758514887669
s07_111_fixed_risk_aggr_s100_w0p5,cheap_fixed_blend,11028424,28034941.5,17151792.985643554,17394888.5,0.013610333846172518,0.007298884806629213,0.007862640795329388,0.013975111962140185
s02_010_stack,cheap_subset_stack,11028424,28034941.5,17151835.959748987,17394888.5,0.013609683256678617,0.007366934589609686,0.0079967092454428,0.01397264146022048
s07_111_fixed_risk_cons_s25_w0p5,cheap_fixed_blend,11028424,28034941.5,17151839.85960655,17394888.5,0.013612879764369956,0.007341250247050346,0.007842652724747884,0.013972417264614845
s06_011_fixed_risk_aggr_s100_w0p5,cheap_fixed_blend,11028424,28034941.5,17151841.373161595,17394888.5,0.013602185117650855,0.007205049370262673,0.0079680514662588,0.013972330253131826
s02_010_fixed_cons_rls_w0p75,cheap_fixed_blend,11028424,28034941.5,17151848.35879547,17394888.5,0.013604679938614583,0.007294501285997068,0.007974105823408708,0.013971928661947408
s02_010_fixed_risk_aggr_s100_w0p5,cheap_fixed_blend,11028424,28034941.5,17151854.232266292,17394888.5,0.013592563744582464,0.007166427292411237,0.007973825084825447,0.013971591006962103
s06_011_fixed_risk_aggr_s25_w0p75,cheap_fixed_blend,11028424,28034941.5,17151862.0782898,17394888.5,0.01361344413331067,0.007328062220811393,0.007969026240831593,0.013971139953567469
s06_011_fixed_risk_cons_s25_w0p75,cheap_fixed_blend,11028424,28034941.5,17151872.0781135,17394888.5,0.013615556833818699,0.007346915002991228,0.007956825961396964,0.013970565082179198
s05_101_wf_risk_aggr_s100,cheap_walk_forward_blend,11028424,28034941.5,17151873.15707615,17394888.5,0.013600215441625573,0.007229737923783119,0.007864150481936455,0.013970503054610006
s07_111_fixed_risk_aggr_s25_w0p5,cheap_fixed_blend,11028424,28034941.5,17151879.78207239,17394888.5,0.013606211557418545,0.007307361358721121,0.00785510969611432,0.013970122195816836
s03_001_fixed_risk_cons_s100_w0p75,cheap_fixed_blend,11028424,28034941.5,17151896.634528037,17394888.5,0.01361140263279279,0.0072695736221781715,0.007975317095689478,0.013969153379279398
s03_001_fixed_risk_cons_s100_w0p5,cheap_fixed_blend,11028424,28034941.5,17151903.957858525,17394888.5,0.013600793725510974,0.007193120468180547,0.007944780192978512,0.01396873237454066
s02_010_wf_risk_aggr_s100,cheap_walk_forward_blend,11028424,28034941.5,17151904.646194708,17394888.5,0.013591736312222347,0.0072135761357142725,0.007965342460983363,0.013968692803365323
s05_101_fixed_risk_cons_s100_w0p75,cheap_fixed_blend,11028424,28034941.5,17151918.768397167,17394888.5,0.013618092522145941,0.00745422020896791,0.007744068619719728,0.013967880944039002
s02_010_fixed_aggr_rls_w0p75,cheap_fixed_blend,11028424,28034941.5,17151929.6159523,17394888.5,0.013597928003701432,0.00727609081620717,0.00798175388388617,0.013967257338136863
s03_001_fixed_risk_aggr_s100_w0p75,cheap_fixed_blend,11028424,28034941.5,17151943.606762845,17394888.5,0.013606405059993465,0.00724944569678454,0.007986639119193839,0.01396645303228905
s05_101_fixed_cons_rls_w0p5,cheap_fixed_blend,11028424,28034941.5,17151951.70841953,17394888.5,0.013607181843685211,0.007328727057937301,0.007821729873195139,0.013965987283015235
s04_110_fixed_risk_cons_s100_w0p5,cheap_fixed_blend,11028424,28034941.5,17151959.686162055,17394888.5,0.013591106575978128,0.007268445585945749,0.007850936297156802,0.0139655286573378
s07_111_wf_risk_aggr_s100,cheap_walk_forward_blend,11028424,28034941.5,17151961.315761864,17394888.5,0.013595258315547754,0.007225092972431457,0.007883342684146198,0.013965434974655633
s02_010_fixed_risk_aggr_s25_w0p5,cheap_fixed_blend,11028424,28034941.5,17151969.065119885,17394888.5,0.013587072983334215,0.0071765721477895505,0.007963965346826222,0.013964989478381207
s06_011_fixed_risk_aggr_s25_w0p5,cheap_fixed_blend,11028424,28034941.5,17151972.29224398,17394888.5,0.013595571877063128,0.007214301866637074,0.00795526792712212,0.013964803956979632
s05_101_wf_risk_aggr_s25,cheap_walk_forward_blend,11028424,28034941.5,17151984.031628363,17394888.5,0.013593383807360282,0.007223444737452733,0.00786931555430714,0.01396412908146194
s03_001_fixed_risk_aggr_s100_w0p5,cheap_fixed_blend,11028424,28034941.5,17151992.766841155,17394888.5,0.013592347746246047,0.007154114639457587,0.007973310739900766,0.013963626910218241
s06_011_fixed_cons_rls_w0p75,cheap_fixed_blend,11028424,28034941.5,17151999.92507036,17394888.5,0.013609122325369172,0.0073477050904152685,0.007952552592711139,0.013963215396847195
s04_110_wf_risk_cons_s100,cheap_walk_forward_blend,11028424,28034941.5,17152015.521853648,17394888.5,0.013585137755373311,0.00720703632263564,0.00787280637328295,0.013962318766593484
s02_010_fixed_risk_cons_s25_w0p5,cheap_fixed_blend,11028424,28034941.5,17152015.77628972,17394888.5,0.013588881637313244,0.007212380828491516,0.007937222635228993,0.01396230413953381
s05_101_wf_cons_rls,cheap_walk_forward_blend,11028424,28034941.5,17152032.334973827,17394888.5,0.013601308616420593,0.007311941149329648,0.007826927755294642,0.013961352211379396
s05_101_fixed_risk_cons_s100_w0p25,cheap_fixed_blend,11028424,28034941.5,17152034.116112772,17394888.5,0.013586859279656504,0.007174970189167573,0.007858928480051664,0.013961249816992316
s06_011_fixed_risk_cons_s25_w0p5,cheap_fixed_blend,11028424,28034941.5,17152048.193402085,17394888.5,0.013595524661805757,0.007249978990684802,0.00792279668802795,0.013960440539639851
s05_101_fixed_risk_aggr_s100_w0p75,cheap_fixed_blend,11028424,28034941.5,17152048.800073303,17394888.5,0.013608270679498102,0.007435616053078742,0.007740586261784087,0.013960405663232422
s06_011_wf_risk_aggr_s100,cheap_walk_forward_blend,11028424,28034941.5,17152053.676637672,17394888.5,0.013593500437270544,0.007221878104705537,0.007964071572329316,0.01396012531855717
s07_111_fixed_cons_rls_w0p5,cheap_fixed_blend,11028424,28034941.5,17152057.245553393,17394888.5,0.013602074531725794,0.00734276031358283,0.007836876295673569,0.013959920148186478
s06_011_fixed_aggr_rls_w0p75,cheap_fixed_blend,11028424,28034941.5,17152059.620145027,17394888.5,0.013603733979128707,0.007329323733475501,0.007964463096031054,0.013959783637300882
s05_101_fixed_risk_cons_s25_w0p75,cheap_fixed_blend,11028424,28034941.5,17152060.387646295,17394888.5,0.013611061465253371,0.007456116754798292,0.007740044744660362,0.013959739515071012
s05_101_fixed_aggr_rls_w0p5,cheap_fixed_blend,11028424,28034941.5,17152067.129784103,17394888.5,0.013597033495670097,0.0072960373993050665,0.007833318933331527,0.013959351922025576
s03_001_fixed_risk_aggr_s25_w0p75,cheap_fixed_blend,11028424,28034941.5,17152070.55753024,17394888.5,0.013599826306289508,0.007253039065405642,0.007977866097296693,0.013959154867233647
s07_111_fixed_risk_cons_s100_w0p25,cheap_fixed_blend,11028424,28034941.5,17152070.646185964,17394888.5,0.013585240734590397,0.007181755596339601,0.00786882680484422,0.01395914977057977
s03_001_fixed_risk_cons_s25_w0p75,cheap_fixed_blend,11028424,28034941.5,17152078.83501519,17394888.5,0.013602012370803407,0.007271835222196321,0.007966007982731562,0.013958679009917874
s07_111_wf_risk_aggr_s25,cheap_walk_forward_blend,11028424,28034941.5,17152090.94825152,17394888.5,0.013587253560364032,0.007217064015339281,0.007882785680648785,0.013957982642342381
s07_111_fixed_risk_cons_s100_w0p75,cheap_fixed_blend,11028424,28034941.5,17152101.310638785,17394888.5,0.013609128575055696,0.007475249053515376,0.007765239169236949,0.01395738692784465
s03_001_fixed_risk_aggr_s25_w0p5,cheap_fixed_blend,11028424,28034941.5,17152120.535027254,17394888.5,0.013585871648693848,0.007162978193698488,0.007960951546262748,0.013956281753271682
s05_101_fixed_risk_aggr_s25_w0p75,cheap_fixed_blend,11028424,28034941.5,17152139.976468846,17394888.5,0.013603763843721616,0.007438746678485542,0.007736575694848975,0.013955164100715733
s07_111_wf_cons_rls,cheap_walk_forward_blend,11028424,28034941.5,17152154.487649996,17394888.5,0.01359447423122202,0.00731067289023013,0.007844199048882353,0.013954329879723226
s06_011_stack,cheap_subset_stack,11028424,28034941.5,17152163.52512927,17394888.5,0.01360904854972722,0.0074341050547777066,0.007970336083891362,0.013953810331737926
s07_111_fixed_aggr_rls_w0p5,cheap_fixed_blend,11028424,28034941.5,17152169.39481768,17394888.5,0.013592103756836883,0.007309905257917637,0.007849305757431438,0.013953472894196461
s05_101_fixed_cons_rls_w0p75,cheap_fixed_blend,11028424,28034941.5,17152171.551028762,17394888.5,0.013605587132130826,0.007456693081582921,0.007737922048170573,0.013953348937605359
s04_110_fixed_risk_cons_s25_w0p5,cheap_fixed_blend,11028424,28034941.5,17152187.230338775,17394888.5,0.01358008020474626,0.007274690388025862,0.007843736871589365,0.013952447563042703
s04_110_fixed_risk_aggr_s100_w0p5,cheap_fixed_blend,11028424,28034941.5,17152190.95724509,17394888.5,0.013574149838805227,0.0072304278672961075,0.007855011282804806,0.013952233310084772
s03_001_fixed_risk_cons_s25_w0p5,cheap_fixed_blend,11028424,28034941.5,17152194.139733694,17394888.5,0.013585922252110905,0.007198579817227269,0.007928938862690828,0.013952050354695045
s03_001_fixed_cons_rls_w0p75,cheap_fixed_blend,11028424,28034941.5,17152205.782475125,17394888.5,0.013595619642463008,0.007272545045735712,0.007961834235087749,0.013951381035002042
s05_101_fixed_risk_aggr_s25_w0p25,cheap_fixed_blend,11028424,28034941.5,17152209.36368182,17394888.5,0.013574069676794042,0.007135208062330034,0.007889632688405713,0.013951175158046003
s07_111_fixed_risk_aggr_s100_w0p75,cheap_fixed_blend,11028424,28034941.5,17152228.008954756,17394888.5,0.013599489600115523,0.007456461591596075,0.007762602246245084,0.013950103275755077
s05_101_fixed_risk_aggr_s100_w0p25,cheap_fixed_blend,11028424,28034941.5,17152242.68579755,17394888.5,0.013571689790411168,0.007119860248684273,0.00789565447606345,0.013949259531180647
s02_010_fixed_cons_rls_w0p5,cheap_fixed_blend,11028424,28034941.5,17152247.269620985,17394888.5,0.013577336713455823,0.007214356950672629,0.007930141028226484,0.013948996015640702
s07_111_fixed_risk_cons_s25_w0p75,cheap_fixed_blend,11028424,28034941.5,17152247.36300994,17394888.5,0.0136018254701747,0.007477276313996195,0.007760223358126193,0.013948990646882264
s07_111_fixed_risk_aggr_s25_w0p25,cheap_fixed_blend,11028424,28034941.5,17152247.605948754,17394888.5,0.01357232743810668,0.007141982655074264,0.007899235463012227,0.013948976680778769
s03_001_wf_risk_aggr_s100,cheap_walk_forward_blend,11028424,28034941.5,17152249.495634995,17394888.5,0.013582006297273751,0.007167005704183271,0.007969745295309267,0.013948868046208207
s04_110_fixed_risk_cons_s100_w0p25,cheap_fixed_blend,11028424,28034941.5,17152258.88116857,17394888.5,0.013568124398073755,0.007145157290315729,0.007874687500478206,0.013948328489224227
s04_110_fixed_risk_aggr_s25_w0p5,cheap_fixed_blend,11028424,28034941.5,17152262.323986482,17394888.5,0.013571187801889706,0.007240364936164756,0.00785051167987745,0.013948130567983719
s03_001_fixed_aggr_rls_w0p75,cheap_fixed_blend,11028424,28034941.5,17152267.18152055,17394888.5,0.013590156417485112,0.0072541897158254764,0.007973410781660348,0.013947851317325122
s02_010_fixed_aggr_rls_w0p5,cheap_fixed_blend,11028424,28034941.5,17152269.86208867,17394888.5,0.01357241458255114,0.007179746957142963,0.007957211116334866,0.013947697216416866
s07_111_fixed_risk_aggr_s100_w0p25,cheap_fixed_blend,11028424,28034941.5,17152275.88251058,17394888.5,0.013570254113052682,0.007126462349825946,0.007906380191151715,0.013947351113484885
s06_011_fixed_aggr_rls_w0p5,cheap_fixed_blend,11028424,28034941.5,17152279.41832216,17394888.5,0.013580473236596613,0.007217138947583801,0.007947366132977895,0.013947147846210095
s06_011_fixed_cons_rls_w0p5,cheap_fixed_blend,11028424,28034941.5,17152285.57529736,17394888.5,0.013583577249270905,0.007251710123979405,0.007914629397633023,0.013946793893081955
s02_010_wf_risk_cons_s100,cheap_walk_forward_blend,11028424,28034941.5,17152291.737192884,17394888.5,0.013571862127790735,0.007244669545606874,0.007914099616082929,0.013946439657093301
s05_101_fixed_risk_cons_s25_w0p25,cheap_fixed_blend,11028424,28034941.5,17152317.479038786,17394888.5,0.013572774850521685,0.007184198382066409,0.007844612818092908,0.013944959805934576
s05_101_fixed_aggr_rls_w0p75,cheap_fixed_blend,11028424,28034941.5,17152322.429858256,17394888.5,0.013594915534384877,0.007439722862965792,0.007733994857345616,0.013944675192470668
s07_111_fixed_risk_aggr_s25_w0p75,cheap_fixed_blend,11028424,28034941.5,17152324.2309042,17394888.5,0.013594676203010225,0.007459764708605321,0.007757458339282119,0.013944571653667137
s02_010_wf_risk_aggr_s25,cheap_walk_forward_blend,11028424,28034941.5,17152341.61839773,17394888.5,0.013566940079605506,0.007222733647896162,0.007913248196244622,0.013943572078790156
s07_111_fixed_risk_cons_s25_w0p25,cheap_fixed_blend,11028424,28034941.5,17152358.44223401,17394888.5,0.013570884257467131,0.0071911145038887625,0.007853528760995303,0.0139426049075273
s07_111_fixed_cons_rls_w0p75,cheap_fixed_blend,11028424,28034941.5,17152360.213005476,17394888.5,0.013596247596643218,0.007477900601348564,0.0077577244781385606,0.013942503109147464
s06_011_fixed_risk_cons_s100_w0p25,cheap_fixed_blend,11028424,28034941.5,17152365.57485396,17394888.5,0.013565503958348346,0.007133485226682668,0.007888117845993319,0.013942194866385038
s04_110_wf_risk_aggr_s100,cheap_walk_forward_blend,11028424,28034941.5,17152375.7960981,17394888.5,0.013560175924991346,0.007152641254788872,0.007876661252572989,0.013941607265944955
s04_110_wf_risk_aggr_s25,cheap_walk_forward_blend,11028424,28034941.5,17152383.260273695,17394888.5,0.013560998517661082,0.0071484964976799015,0.007894432100121432,0.013941178164281087
s02_010_fixed_risk_cons_s100_w0p25,cheap_fixed_blend,11028424,28034941.5,17152393.696059786,17394888.5,0.01355965469032112,0.007113181145951608,0.007893520736024505,0.013940578230220546
s04_110_fixed_cons_rls_w0p5,cheap_fixed_blend,11028424,28034941.5,17152399.075491995,17394888.5,0.013569680586570732,0.007276602488401895,0.007839066955818512,0.013940268976602277
s03_001_stack,cheap_subset_stack,11028424,28034941.5,17152422.98420389,17394888.5,0.013592134801075906,0.007336690652906097,0.007982559893454725,0.0139388945089306
s03_001_fixed_aggr_rls_w0p5,cheap_fixed_blend,11028424,28034941.5,17152426.43728555,17394888.5,0.013570826695397376,0.007165667458319369,0.007953197782767079,0.013938695997646078
s03_001_fixed_cons_rls_w0p5,cheap_fixed_blend,11028424,28034941.5,17152430.322299734,17394888.5,0.013574030546388416,0.007200203932009264,0.0079209053492208,0.013938472655358858
s03_001_fixed_risk_cons_s100_w0p25,cheap_fixed_blend,11028424,28034941.5,17152444.954195365,17394888.5,0.013560308079230277,0.007107331190912558,0.007890924151676918,0.013937631494713831
s04_110_fixed_risk_aggr_s25_w0p25,cheap_fixed_blend,11028424,28034941.5,17152451.389159918,17394888.5,0.013554339624178824,0.007105880355713579,0.007902981679332302,0.013937261560491354
s06_011_wf_risk_cons_s100,cheap_walk_forward_blend,11028424,28034941.5,17152476.86609334,17394888.5,0.013573171743175095,0.007259761970034195,0.00790466655257907,0.013935796938661538
s06_011_fixed_risk_aggr_s100_w0p25,cheap_fixed_blend,11028424,28034941.5,17152489.351563476,17394888.5,0.013555226669805664,0.007076721728794588,0.007940021938443566,0.01393507917205239
s04_110_fixed_risk_aggr_s100_w0p25,cheap_fixed_blend,11028424,28034941.5,17152491.237987332,17394888.5,0.013551396110245962,0.007089264662882844,0.007907846655903066,0.01393497072503036
s06_011_fixed_risk_aggr_s25_w0p25,cheap_fixed_blend,11028424,28034941.5,17152494.166991808,17394888.5,0.01355543178098444,0.00709282399225486,0.007928958479481907,0.013934802341974861
s01_100_wf_risk_cons_s100,cheap_walk_forward_blend,11028424,28034941.5,17152495.38905681,17394888.5,0.013554040647190856,0.007088498703889279,0.00789734637440523,0.013934732087715895
s07_111_fixed_aggr_rls_w0p75,cheap_fixed_blend,11028424,28034941.5,17152508.63775976,17394888.5,0.013585709178741846,0.007460806334956938,0.007754434573730671,0.013933970444262367
s04_110_wf_cons_rls,cheap_walk_forward_blend,11028424,28034941.5,17152513.619767636,17394888.5,0.013561719169135223,0.007238646166525586,0.007846155006096058,0.013933684037834682
s02_010_wf_cons_rls,cheap_walk_forward_blend,11028424,28034941.5,17152517.193869323,17394888.5,0.013564841769763292,0.007297804641771877,0.007933742799712686,0.01393347856933247
s05_101_fixed_aggr_rls_w0p25,cheap_fixed_blend,11028424,28034941.5,17152523.02788487,17394888.5,0.013558766062785544,0.007139649438993256,0.007881717740232167,0.013933143182557894
s06_011_wf_risk_aggr_s25,cheap_walk_forward_blend,11028424,28034941.5,17152531.50103259,17394888.5,0.01356581170430804,0.007221345859338535,0.007910264356786894,0.013932656076950933
s02_010_fixed_risk_aggr_s25_w0p25,cheap_fixed_blend,11028424,28034941.5,17152532.69232127,17394888.5,0.013548978272318801,0.007072923011265053,0.007932174766014368,0.013932587591965806
s04_110_fixed_risk_cons_s25_w0p25,cheap_fixed_blend,11028424,28034941.5,17152535.84705878,17394888.5,0.013554564590468176,0.007155339627177071,0.007861576138747101,0.013932406231935257
s02_010_fixed_risk_aggr_s100_w0p25,cheap_fixed_blend,11028424,28034941.5,17152539.941564534,17394888.5,0.013547931301635474,0.007056151478552208,0.007941050938758002,0.013932170846364778
s04_110_fixed_aggr_rls_w0p5,cheap_fixed_blend,11028424,28034941.5,17152545.873149317,17394888.5,0.013557533659100441,0.00724346152827704,0.007845856253419936,0.01393182985051522
s01_100_fixed_risk_cons_s100_w0p5,cheap_fixed_blend,11028424,28034941.5,17152551.772792723,17394888.5,0.013552663659034802,0.007117839682355687,0.007883414965814519,0.01393149069091626
s07_111_fixed_aggr_rls_w0p25,cheap_fixed_blend,11028424,28034941.5,17152563.223617952,17394888.5,0.013556905109166583,0.007146489473608741,0.00789088737550638,0.013930832404131066
s03_001_fixed_risk_aggr_s100_w0p25,cheap_fixed_blend,11028424,28034941.5,17152570.464438815,17394888.5,0.013549962859833476,0.007050697480924684,0.00794244196312187,0.013930416142718283
s03_001_fixed_risk_aggr_s25_w0p25,cheap_fixed_blend,11028424,28034941.5,17152572.916694935,17394888.5,0.013550270828288835,0.007066508037784747,0.007931699880533528,0.013930275167044925
s01_100_fixed_risk_cons_s100_w0p25,cheap_fixed_blend,11028424,28034941.5,17152595.718167994,17394888.5,0.013546694938134606,0.0070674419539337174,0.007890522492508606,0.013928964352488138
s04_110_fixed_risk_cons_s100_w0p75,cheap_fixed_blend,11028424,28034941.5,17152622.038518995,17394888.5,0.013558892227663977,0.007382070677264707,0.007742260750932864,0.013927451244140188
s05_101_fixed_cons_rls_w0p25,cheap_fixed_blend,11028424,28034941.5,17152629.400279637,17394888.5,0.013557196313592933,0.007186807759039016,0.007835088058327229,0.013927028030122912
s00_000_fixed_risk_cons_s100_w0p5,cheap_fixed_blend,11028424,28034941.5,17152664.767550424,17394888.5,0.013542001010205373,0.006987480377110611,0.008010945088396787,0.013924994831072124
s07_111_fixed_cons_rls_w0p25,cheap_fixed_blend,11028424,28034941.5,17152672.05008793,17394888.5,0.013555202180129377,0.0071937718414291085,0.007843632647118529,0.013924576171446601
s03_001_wf_risk_cons_s100,cheap_walk_forward_blend,11028424,28034941.5,17152676.904481255,17394888.5,0.0135618740833388,0.007204536776362347,0.007910791040089212,0.013924297101343575
s06_011_fixed_risk_cons_s25_w0p25,cheap_fixed_blend,11028424,28034941.5,17152691.870995026,17394888.5,0.01354895203368831,0.007143297017858097,0.00786825048470069,0.013923436704119996
s02_010_fixed_risk_cons_s25_w0p25,cheap_fixed_blend,11028424,28034941.5,17152708.503833286,17394888.5,0.013543890426949945,0.0071234947043591346,0.007875754816367719,0.013922480512980173
s05_101_wf_aggr_rls,cheap_walk_forward_blend,11028424,28034941.5,17152710.63137501,17394888.5,0.013554267820501665,0.007234785902750729,0.0078072676584806525,0.013922358204537466
s03_001_wf_risk_aggr_s25,cheap_walk_forward_blend,11028424,28034941.5,17152725.050497636,17394888.5,0.01355464519734928,0.007167615368751212,0.007916827807077724,0.013921529275819355
s04_110_fixed_risk_cons_s25_w0p75,cheap_fixed_blend,11028424,28034941.5,17152757.260732308,17394888.5,0.013552385792300647,0.007384921367057928,0.007739420210801177,0.013919677568941746
s04_110_fixed_aggr_rls_w0p25,cheap_fixed_blend,11028424,28034941.5,17152762.459142275,17394888.5,0.013539257538583116,0.007110801693935076,0.007895508484920127,0.013919378721957587
s03_001_fixed_risk_cons_s25_w0p25,cheap_fixed_blend,11028424,28034941.5,17152768.898359407,17394888.5,0.013543864444998643,0.00711692443799905,0.007871338547702278,0.013919008543262223
s01_100_fixed_risk_cons_s25_w0p5,cheap_fixed_blend,11028424,28034941.5,17152772.74500998,17394888.5,0.01354198751307778,0.007124776600142435,0.007875904534028956,0.013918787406427935
s01_100_fixed_risk_aggr_s100_w0p5,cheap_fixed_blend,11028424,28034941.5,17152775.106838368,17394888.5,0.013536140949481568,0.007079821265684738,0.007888142362171231,0.013918651629277856
s04_110_fixed_risk_aggr_s100_w0p75,cheap_fixed_blend,11028424,28034941.5,17152775.85732911,17394888.5,0.013547511586433681,0.007362683834426065,0.007735319394008577,0.013918608484951633
s01_100_fixed_risk_aggr_s25_w0p25,cheap_fixed_blend,11028424,28034941.5,17152776.501729604,17394888.5,0.013533553755878969,0.007028860994190089,0.007919063195568494,0.013918571439557992
s00_000_fixed_risk_aggr_s100_w0p5,cheap_fixed_blend,11028424,28034941.5,17152787.351606097,17394888.5,0.013531329605945008,0.006947480643968329,0.008033756427032308,0.013917947700205269
s01_100_wf_risk_aggr_s25,cheap_walk_forward_blend,11028424,28034941.5,17152790.25202237,17394888.5,0.01353395300893936,0.007041095467661851,0.007916650652847268,0.013917780960632786
s05_101_wf_risk_cons_s25,cheap_walk_forward_blend,11028424,28034941.5,17152812.34037982,17394888.5,0.013552424372072002,0.00729409211143206,0.00771844866442174,0.013916511141774834
s01_100_fixed_risk_aggr_s100_w0p25,cheap_fixed_blend,11028424,28034941.5,17152822.12220871,17394888.5,0.013530292171021507,0.007011548802984824,0.007924141224930339,0.013915948802505351
s01_100_wf_risk_aggr_s100,cheap_walk_forward_blend,11028424,28034941.5,17152822.327112168,17394888.5,0.013530821030593531,0.007035636174253845,0.00790259971967599,0.013915937022984215
s06_011_fixed_aggr_rls_w0p25,cheap_fixed_blend,11028424,28034941.5,17152822.919660673,17394888.5,0.013539266322130716,0.00709755069710194,0.007919024985930199,0.013915902958465454
s01_100_fixed_risk_aggr_s25_w0p5,cheap_fixed_blend,11028424,28034941.5,17152838.778044168,17394888.5,0.013533603007132067,0.007090686999052687,0.007883335465548022,0.013914991289299294
s04_110_fixed_cons_rls_w0p25,cheap_fixed_blend,11028424,28034941.5,17152845.29931748,17394888.5,0.013539186723981888,0.00715829849010019,0.007852512567115978,0.01391461639334568
s02_010_fixed_aggr_rls_w0p25,cheap_fixed_blend,11028424,28034941.5,17152856.69815809,17394888.5,0.013533142993227698,0.007077903012417286,0.007923098324150876,0.013913961095060268
s00_000_fixed_risk_cons_s100_w0p75,cheap_fixed_blend,11028424,28034941.5,17152860.08137287,17394888.5,0.013532588480143692,0.006971326915847786,0.008070519229745336,0.013913766600293642
s04_110_fixed_risk_aggr_s25_w0p75,cheap_fixed_blend,11028424,28034941.5,17152860.50701297,17394888.5,0.013543568378207227,0.00736708233901795,0.007732441809771205,0.013913742131030582
s04_110_fixed_cons_rls_w0p75,cheap_fixed_blend,11028424,28034941.5,17152865.95513263,17394888.5,0.01354711212962061,0.007385847179792737,0.007737746800928698,0.013913428928697624
s01_100_fixed_risk_cons_s25_w0p25,cheap_fixed_blend,11028424,28034941.5,17152867.755088605,17394888.5,0.013533397799485192,0.0070781433775750635,0.007877191183352344,0.013913325452554304
s07_111_wf_aggr_rls,cheap_walk_forward_blend,11028424,28034941.5,17152878.813203402,17394888.5,0.013544505904229976,0.00722683767619603,0.0078136779197272,0.013912689741966355
s00_000_fixed_risk_cons_s100_w0p25,cheap_fixed_blend,11028424,28034941.5,17152884.61493898,17394888.5,0.013527786748141101,0.007001106668619639,0.007925342437485055,0.013912356210907473
s00_000_fixed_risk_aggr_s25_w0p5,cheap_fixed_blend,11028424,28034941.5,17152893.374179147,17394888.5,0.013526333886383978,0.006958904716440784,0.008023325941090776,0.013911852658374468
s03_001_fixed_aggr_rls_w0p25,cheap_fixed_blend,11028424,28034941.5,17152900.75149889,17394888.5,0.013534145634812722,0.007071123880387664,0.007921881000944394,0.013911428549893357
s06_011_wf_cons_rls,cheap_walk_forward_blend,11028424,28034941.5,17152908.88573715,17394888.5,0.013557144336840587,0.007311439243162576,0.007921695591593777,0.013910960927564942
s00_000_fixed_risk_aggr_s100_w0p75,cheap_fixed_blend,11028424,28034941.5,17152932.38491246,17394888.5,0.013525921838597844,0.006950453562139858,0.008077569463671283,0.013909610003394857
s00_000_fixed_risk_cons_s25_w0p5,cheap_fixed_blend,11028424,28034941.5,17152934.83892963,17394888.5,0.013528466391086801,0.006994859683542187,0.007997054723633738,0.013909468926482038
s01_100_fixed_cons_rls_w0p5,cheap_fixed_blend,11028424,28034941.5,17152982.224631548,17394888.5,0.013531713827445734,0.007126941598136427,0.00787108890677814,0.013906744810031513
s07_111_wf_risk_cons_s25,cheap_walk_forward_blend,11028424,28034941.5,17153004.97429296,17394888.5,0.013541435620601283,0.007292229812271067,0.007725300757207786,0.013905436974030572
s01_100_wf_cons_rls,cheap_walk_forward_blend,11028424,28034941.5,17153010.770703018,17394888.5,0.013529108609928443,0.007109096339415477,0.007874071490074127,0.013905103749126235
s06_011_fixed_cons_rls_w0p25,cheap_fixed_blend,11028424,28034941.5,17153020.475810267,17394888.5,0.013532413321432513,0.007146120155470226,0.007856549861232373,0.013904545820442205
s00_000_fixed_risk_aggr_s25_w0p25,cheap_fixed_blend,11028424,28034941.5,17153021.599533554,17394888.5,0.013517190711946413,0.006961458475850724,0.00796325914461677,0.013904481219666698
s00_000_fixed_risk_cons_s25_w0p75,cheap_fixed_blend,11028424,28034941.5,17153027.19898805,17394888.5,0.013524200858865298,0.006975028483904411,0.008062670051175247,0.013904159317373543
s02_010_fixed_cons_rls_w0p25,cheap_fixed_blend,11028424,28034941.5,17153032.69222552,17394888.5,0.013527653581202271,0.007126501583636147,0.007864863813988907,0.01390384352130114
s00_000_fixed_risk_aggr_s100_w0p25,cheap_fixed_blend,11028424,28034941.5,17153035.45648722,17394888.5,0.013515772459997688,0.006943727530317134,0.007972541036623414,0.013903684609003375
s04_110_fixed_aggr_rls_w0p75,cheap_fixed_blend,11028424,28034941.5,17153040.36618169,17394888.5,0.01353494159728319,0.007368538485056364,0.0077302647836566,0.013903402359739747
s00_000_fixed_risk_aggr_s25_w0p75,cheap_fixed_blend,11028424,28034941.5,17153043.026470065,17394888.5,0.01352045336838723,0.006955967319434375,0.008070235247073216,0.013903249424676356
s00_000_wf_risk_aggr_s100,cheap_walk_forward_blend,11028424,28034941.5,17153072.14588123,17394888.5,0.013515380528544663,0.0069478470358566025,0.008036831290650245,0.01390157540353143
s01_100_fixed_aggr_rls_w0p25,cheap_fixed_blend,11028424,28034941.5,17153085.45820324,17394888.5,0.01351858841404563,0.007034045188069271,0.00791147004835506,0.013900810102735583
s04_110_wf_aggr_rls,cheap_walk_forward_blend,11028424,28034941.5,17153096.45699192,17394888.5,0.013522739593109567,0.0071562625992385165,0.007837753668507448,0.01390017780269659
s03_001_fixed_cons_rls_w0p25,cheap_fixed_blend,11028424,28034941.5,17153096.603677724,17394888.5,0.01352736751285204,0.00711966731172653,0.00785973896319083,0.013900169370000603
s01_100_fixed_aggr_rls_w0p5,cheap_fixed_blend,11028424,28034941.5,17153119.509195376,17394888.5,0.013520104522692677,0.0070941340653752905,0.007878500775421652,0.013898852574112386
s00_000_fixed_cons_rls_w0p75,cheap_fixed_blend,11028424,28034941.5,17153148.425804496,17394888.5,0.013518188084705974,0.006976265294982631,0.00805904918951451,0.013897190211682231
s04_110_wf_risk_cons_s25,cheap_walk_forward_blend,11028424,28034941.5,17153162.971026257,17394888.5,0.013521076028061718,0.0072230421699363,0.0077504776381074805,0.013896354033757885
s03_001_wf_cons_rls,cheap_walk_forward_blend,11028424,28034941.5,17153163.00138981,17394888.5,0.013543160255629494,0.007245017408516019,0.007929460855586606,0.013896352288213398
s00_000_fixed_cons_rls_w0p5,cheap_fixed_blend,11028424,28034941.5,17153163.39397102,17394888.5,0.013517081290938916,0.0069971864483756585,0.007989757324798855,0.013896329719444989
s01_100_fixed_cons_rls_w0p25,cheap_fixed_blend,11028424,28034941.5,17153175.433198564,17394888.5,0.013518114382406488,0.0070812919137116515,0.007868021666582199,0.013895637606497813
s00_000_fixed_aggr_rls_w0p5,cheap_fixed_blend,11028424,28034941.5,17153190.828360755,17394888.5,0.013511863945584434,0.006962562235613645,0.008016273773094428,0.013894752567068513
s00_000_fixed_risk_cons_s25_w0p25,cheap_fixed_blend,11028424,28034941.5,17153193.476231057,17394888.5,0.013512345754620436,0.007012139883744384,0.007907226254752145,0.013894600345897179
s02_010_wf_aggr_rls,cheap_walk_forward_blend,11028424,28034941.5,17153215.491812196,17394888.5,0.013520210855822935,0.007269730374710903,0.007833056127440832,0.013893334710814886
s00_000_fixed_aggr_rls_w0p75,cheap_fixed_blend,11028424,28034941.5,17153233.314402863,17394888.5,0.013511214738955469,0.006957844160768167,0.008066295225004027,0.013892310123007512
s05_101_stack,cheap_subset_stack,11028424,28034941.5,17153288.928107336,17394888.5,0.013552412178929728,0.007570705829975322,0.007583646865493506,0.013889112993892616
s00_000_fixed_aggr_rls_w0p25,cheap_fixed_blend,11028424,28034941.5,17153343.09827999,17394888.5,0.013501496777842981,0.006966800509367599,0.007953983072808063,0.013885998850754921
s01_100_fixed_risk_cons_s100_w0p75,cheap_fixed_blend,11028424,28034941.5,17153387.787412733,17394888.5,0.013507851856651487,0.007163398975640667,0.0077923120112180985,0.013883429755083943
s00_000_stack,cheap_subset_stack,11028424,28034941.5,17153470.55640631,17394888.5,0.013499549157956125,0.0069526462848314985,0.008104035909732328,0.013878671518572139
s00_000_wf_risk_cons_s100,cheap_walk_forward_blend,11028424,28034941.5,17153481.188074686,17394888.5,0.013494853371471138,0.006985666866610396,0.007983677006992646,0.01387806032360106
s01_100_wf_aggr_rls,cheap_walk_forward_blend,11028424,28034941.5,17153497.205097195,17394888.5,0.013495849914742352,0.007046877692546305,0.007860921977674025,0.013877139534571037
s00_000_fixed_cons_rls_w0p25,cheap_fixed_blend,11028424,28034941.5,17153515.460905883,17394888.5,0.013496228776654929,0.007015409745010803,0.007896179068612673,0.013876090041860079
s01_100_fixed_risk_cons_s25_w0p75,cheap_fixed_blend,11028424,28034941.5,17153518.080656454,17394888.5,0.013501608090244277,0.00716676875221367,0.0077892272576438205,0.013875939437240192
s00_000_wf_risk_aggr_s25,cheap_walk_forward_blend,11028424,28034941.5,17153518.12045101,17394888.5,0.013489966011511178,0.006958943204689483,0.007981574479319468,0.01387593714952462
s01_100_fixed_risk_aggr_s100_w0p75,cheap_fixed_blend,11028424,28034941.5,17153535.653444804,17394888.5,0.013496796736135908,0.007144011609286016,0.007785881998561382,0.013874929210106468
s06_011_wf_aggr_rls,cheap_walk_forward_blend,11028424,28034941.5,17153537.775487803,17394888.5,0.013513328812130122,0.0072522704152667705,0.007826724265883222,0.013874807217775342
s07_111_stack,cheap_subset_stack,11028424,28034941.5,17153580.95244418,17394888.5,0.013537721374881606,0.007599192704726643,0.007606180494076412,0.01387232505432956
s01_100_fixed_risk_aggr_s25_w0p75,cheap_fixed_blend,11028424,28034941.5,17153614.53147697,17394888.5,0.013493171598833986,0.0071491066122522096,0.007782759493936369,0.013870394657777174
s01_100_fixed_cons_rls_w0p75,cheap_fixed_blend,11028424,28034941.5,17153625.000908032,17394888.5,0.013496428876971778,0.007167884238161948,0.007787442136270151,0.013869792789529378
s01_100_wf_risk_cons_s25,cheap_walk_forward_blend,11028424,28034941.5,17153640.149754915,17394888.5,0.013489882047423851,0.007100859488835876,0.007776517180890983,0.013868921910311971
s02_010_wf_risk_cons_s25,cheap_walk_forward_blend,11028424,28034941.5,17153712.991401635,17394888.5,0.013491382050447375,0.007272597945728765,0.007766491636501602,0.013864734378628785
s03_001_wf_aggr_rls,cheap_walk_forward_blend,11028424,28034941.5,17153764.957529522,17394888.5,0.013500893035474503,0.007192598207902745,0.007835489874468837,0.013861746941952413
s01_100_fixed_aggr_rls_w0p75,cheap_fixed_blend,11028424,28034941.5,17153792.27713697,17394888.5,0.013484661561672318,0.007150825613948308,0.007780436695826717,0.013860176388197587
s00_000_wf_cons_rls,cheap_walk_forward_blend,11028424,28034941.5,17153897.1022138,17394888.5,0.013474516514136736,0.006982765362245069,0.008017074411522029,0.0138541501882119
s06_011_wf_risk_cons_s25,cheap_walk_forward_blend,11028424,28034941.5,17153972.592168555,17394888.5,0.013489933554584655,0.007285360265172902,0.0077542174059958375,0.013849810410192953
s03_001_wf_risk_cons_s25,cheap_walk_forward_blend,11028424,28034941.5,17154182.278981805,17394888.5,0.013478383173268948,0.007224990982918289,0.007762492358338539,0.013837755902729398
s04_110_stack,cheap_subset_stack,11028424,28034941.5,17154245.93823939,17394888.5,0.013471481353131365,0.0074860325642730485,0.007548706590559833,0.013834096249631722
s00_000_wf_aggr_rls,cheap_walk_forward_blend,11028424,28034941.5,17154618.867533006,17394888.5,0.013428309437287322,0.006961006723730567,0.007908331631646543,0.01381265723358871
s00_000_wf_risk_cons_s25,cheap_walk_forward_blend,11028424,28034941.5,17155048.9251713,17394888.5,0.013404747342656198,0.006987719799262937,0.007836623800654122,0.013787934014564018
s01_100_stack,cheap_subset_stack,11028424,28034941.5,17155103.762028024,17394888.5,0.013412259530984572,0.007204119833788547,0.007617353661895007,0.013784781544990965
