time_id,rows,n_dates,n_symbols_seen,weight_sum,target_energy,target_abs_mean,feature_null_frac
0,6908,180,39,16235.54,47024.594,1.2842278,0.08405713182783246
1,6908,180,39,16235.54,44741.344,1.2435794,0.08405713182783246
2,6908,180,39,16235.54,43890.34,1.2246541,0.08405713182783246
3,6908,180,39,16235.54,41049.945,1.2010318,0.08405713182783246
4,6908,180,39,16235.54,39860.117,1.1778399,0.0423904651611658
5,6908,180,39,16235.54,38680.867,1.1575704,0.0423904651611658
6,6908,180,39,16235.54,37983.46,1.1392121,0.0423904651611658
7,6908,180,39,16235.54,37442.38,1.1294271,0.0423904651611658
8,6908,180,39,16235.54,36481.24,1.1204672,0.0423904651611658
9,6908,180,39,16235.54,35559.574,1.1066817,0.0423904651611658
10,6908,180,39,16235.54,35139.684,1.0973362,0.0423904651611658
11,6908,180,39,16235.54,35144.805,1.0906022,0.0423904651611658
12,6908,180,39,16235.54,34396.203,1.0783986,0.0423904651611658
13,6908,180,39,16235.54,33636.99,1.0652555,0.0423904651611658
14,6908,180,39,16235.54,33494.445,1.0625801,0.0423904651611658
15,6908,180,39,16235.54,33090.75,1.065856,0.0423904651611658
16,6908,180,39,16235.54,32519.107,1.0542215,0.0423904651611658
17,6908,180,39,16235.54,31098.54,1.0365301,0.0423904651611658
18,6908,180,39,16235.54,31805.967,1.0448493,0.0423904651611658
19,6908,180,39,16235.54,31238.998,1.0449502,0.0423904651611658
20,6908,180,39,16235.54,30890.145,1.0416946,0.0423904651611658
21,6908,180,39,16235.54,30033.865,1.0213628,0.0423904651611658
22,6908,180,39,16235.54,29493.38,1.0092553,0.0423904651611658
23,6908,180,39,16235.54,29288.166,1.0068526,0.0423904651611658
24,6908,180,39,16235.54,29076.34,0.9982677,0.0007237984944991314
25,6908,180,39,16235.54,29128.508,0.9973878,0.0007237984944991314
26,6908,180,39,16235.54,28482.6,0.99322534,0.0007237984944991314
27,6908,180,39,16235.54,28398.404,0.997007,0.0007237984944991314
28,6908,180,39,16235.54,27956.748,0.9868431,0.0007237984944991314
29,6908,180,39,16235.54,28039.879,0.98013717,0.0007237984944991314
30,6908,180,39,16235.54,27124.793,0.9682962,0.0007237984944991314
31,6908,180,39,16235.54,27242.715,0.9630696,0.0007237984944991314
32,6908,180,39,16235.54,26708.36,0.9493727,0.0007237984944991314
33,6908,180,39,16235.54,26809.44,0.94641215,0.0007237984944991314
34,6908,180,39,16235.54,26570.594,0.93953454,0.0007237984944991314
35,6908,180,39,16235.54,26199.09,0.9377651,0.0007237984944991314
36,6908,180,39,16235.54,26315.541,0.9400222,0.0007237984944991314
37,6908,180,39,16235.54,25906.33,0.92903554,0.0007237984944991314
38,6908,180,39,16235.54,25143.303,0.92630863,0.0007237984944991314
39,6908,180,39,16235.54,24617.098,0.9188944,0.0007237984944991314
40,6908,180,39,16235.54,24325.91,0.90496325,0.0007237984944991314
41,6908,180,39,16235.54,23998.807,0.90208954,0.0007237984944991314
42,6908,180,39,16235.54,22827.982,0.87926996,0.0007237984944991314
43,6908,180,39,16235.54,22418.771,0.87197155,0.0007237984944991314
44,6908,180,39,16235.54,22613.314,0.8685841,0.0007237984944991314
45,6908,180,39,16235.54,22566.957,0.86471295,0.0007237984944991314
46,6908,180,39,16235.54,21271.953,0.8437137,0.0007237984944991314
47,6908,180,39,16235.54,22104.402,0.8428886,0.0007237984944991314
48,6908,180,39,16235.54,21327.723,0.83156157,0.0007237984944991314
49,6908,180,39,16235.54,22546.145,0.8546863,0.0007237984944991314
50,6908,180,39,16235.54,21279.287,0.8308631,0.0007237984944991314
51,6908,180,39,16235.54,20588.926,0.8209695,0.0007237984944991314
52,6908,180,39,16235.54,20420.398,0.8085934,0.0007237984944991314
53,6908,180,39,16235.54,20263.957,0.80027187,0.0007237984944991314
54,6908,180,39,16235.54,19505.666,0.78398323,0.0007237984944991314
55,6908,180,39,16235.54,19528.164,0.7859358,0.0007237984944991314
56,6908,180,39,16235.54,19205.037,0.7753314,0.0007237984944991314
57,6908,180,39,16235.54,19390.816,0.773363,0.0007237984944991314
58,6908,180,39,16235.54,19057.504,0.7763308,0.0007237984944991314
59,6908,180,39,16235.54,18914.598,0.7764054,0.0007237984944991314
60,6908,180,39,16235.54,18485.062,0.76946366,0.0007237984944991314
61,6908,180,39,16235.54,18345.234,0.77139807,0.0007237984944991314
62,6908,180,39,16235.54,17985.791,0.75989807,0.0007237984944991314
63,6908,180,39,16235.54,17733.447,0.7549044,0.0007237984944991314
64,6908,180,39,16235.54,17629.695,0.75025564,0.0007237984944991314
65,6908,180,39,16235.54,17503.092,0.7434461,0.0007237984944991314
66,6908,180,39,16235.54,17215.035,0.74119824,0.0007237984944991314
67,6908,180,39,16235.54,17382.111,0.7409179,0.0007237984944991314
68,6908,180,39,16235.54,17628.268,0.7422852,0.0007237984944991314
69,6908,180,39,16235.54,17253.1,0.73203105,0.0007237984944991314
70,6908,180,39,16235.54,17137.025,0.7294509,0.0007237984944991314
71,6908,180,39,16235.54,16307.124,0.71210456,0.0007237984944991314
72,6908,180,39,16235.54,15856.129,0.7072438,0.0007237984944991314
73,6908,180,39,16235.54,16211.571,0.7136895,0.0007237984944991314
74,6908,180,39,16235.54,16023.612,0.71023226,0.0007237984944991314
75,6908,180,39,16235.54,15694.402,0.70378566,0.0007237984944991314
76,6908,180,39,16235.54,14971.649,0.6938639,0.0007237984944991314
77,6908,180,39,16235.54,15394.33,0.69807804,0.0007237984944991314
78,6908,180,39,16235.54,16038.397,0.7125616,0.0007237984944991314
79,6908,180,39,16235.54,15689.086,0.7072792,0.0007237984944991314
80,6908,180,39,16235.54,15766.329,0.70905894,0.0007237984944991314
81,6908,180,39,16235.54,15389.842,0.7069727,0.0007237984944991314
82,6908,180,39,16235.54,15264.542,0.6953894,0.0007237984944991314
83,6908,180,39,16235.54,14771.444,0.6892555,0.0007237984944991314
84,6908,180,39,16235.54,14765.719,0.68509716,0.0007237984944991314
85,6908,180,39,16235.54,15025.581,0.6924416,0.0007237984944991314
86,6908,180,39,16235.54,14330.184,0.6781991,0.0007237984944991314
87,6908,180,39,16235.54,14582.744,0.685839,0.0007237984944991314
88,6908,180,39,16235.54,14901.427,0.6873514,0.0007237984944991314
89,6908,180,39,16235.54,14811.37,0.68805826,0.0007237984944991314
90,6908,180,39,16235.54,14721.863,0.68899125,0.0007237984944991314
91,6908,180,39,16235.54,13935.124,0.6714472,0.0007237984944991314
92,6908,180,39,16235.54,14282.835,0.67792755,0.0007237984944991314
93,6908,180,39,16235.54,14141.575,0.6727605,0.0007237984944991314
94,6908,180,39,16235.54,13399.669,0.6627989,0.0007237984944991314
95,6908,180,39,16235.54,13366.905,0.6596485,0.0007237984944991314
96,6908,180,39,16235.54,13218.381,0.6528048,0.0007237984944991314
97,6908,180,39,16235.54,12991.118,0.64731175,0.0007237984944991314
98,6908,180,39,16235.54,13365.925,0.6530988,0.0007237984944991314
99,6908,180,39,16235.54,13214.406,0.6498699,0.0007237984944991314
100,6908,180,39,16235.54,12651.716,0.6414437,0.0007237984944991314
101,6908,180,39,16235.54,12743.034,0.64601064,0.0007237984944991314
102,6908,180,39,16235.54,12565.21,0.6375717,0.0007237984944991314
103,6908,180,39,16235.54,12447.031,0.63890296,0.0007237984944991314
104,6908,180,39,16235.54,12822.122,0.64313895,0.0007237984944991314
105,6908,180,39,16235.54,12550.435,0.6352393,0.0007237984944991314
106,6908,180,39,16235.54,12587.169,0.6331321,0.0007237984944991314
107,6908,180,39,16235.54,12546.155,0.6371929,0.0007237984944991314
108,6908,180,39,16235.54,12215.85,0.62966526,0.0007237984944991314
109,6908,180,39,16235.54,12614.925,0.6392809,0.0007237984944991314
110,6908,180,39,16235.54,12507.174,0.6354617,0.0007237984944991314
111,6908,180,39,16235.54,12722.348,0.6409706,0.0007237984944991314
112,6908,180,39,16235.54,12791.034,0.6492061,0.0007237984944991314
113,6908,180,39,16235.54,13000.895,0.6495646,0.0007237984944991314
114,6908,180,39,16235.54,13065.475,0.64657056,0.0007237984944991314
115,6908,180,39,16235.54,13187.482,0.6444136,0.0007237984944991314
116,6908,180,39,16235.54,13057.729,0.63880515,0.0007237984944991314
117,6908,180,39,16235.54,13166.213,0.64212406,0.0007237984944991314
118,6908,180,39,16235.54,12940.504,0.63434833,0.0007237984944991314
119,6908,180,39,16235.54,13205.0,0.6387612,0.0007237984944991314
120,6908,180,39,16235.54,13176.162,0.6468232,0.0007237984944991314
121,6908,180,39,16235.54,13177.1,0.6446718,0.0007237984944991314
122,6908,180,39,16235.54,12428.117,0.63054174,0.0007237984944991314
123,6908,180,39,16235.54,12443.222,0.6334442,0.0007237984944991314
124,6908,180,39,16235.54,12533.143,0.62962216,0.0007237984944991314
125,6908,180,39,16235.54,11910.528,0.6241269,0.0007237984944991314
126,6908,180,39,16235.54,12195.059,0.63080883,0.0007237984944991314
127,6908,180,39,16235.54,11781.9375,0.6227066,0.0007237984944991314
128,6908,180,39,16235.54,11671.127,0.62136304,0.0007237984944991314
129,6908,180,39,16235.54,11835.509,0.6267917,0.0007237984944991314
130,6908,180,39,16235.54,11575.382,0.6116387,0.0007237984944991314
131,6908,180,39,16235.54,11958.996,0.6152023,0.0007237984944991314
132,6908,180,39,16235.54,12098.145,0.6238044,0.0007237984944991314
133,6908,180,39,16235.54,11660.819,0.6155816,0.0007237984944991314
134,6908,180,39,16235.54,11331.941,0.6058028,0.0007237984944991314
135,6908,180,39,16235.54,11238.115,0.6067876,0.0007237984944991314
136,6908,180,39,16235.54,11171.949,0.598741,0.0007237984944991314
137,6908,180,39,16235.54,11091.818,0.5951913,0.0007237984944991314
138,6908,180,39,16235.54,10555.479,0.5867078,0.0007237984944991314
139,6908,180,39,16235.54,10700.882,0.59266573,0.0007237984944991314
140,6908,180,39,16235.54,10335.233,0.58426076,0.0007237984944991314
141,6908,180,39,16235.54,10285.272,0.5843517,0.0007237984944991314
142,6908,180,39,16235.54,10384.726,0.58146864,0.0007237984944991314
143,6908,180,39,16235.54,10346.995,0.5800371,0.0007237984944991314
144,6908,180,39,16235.54,10134.181,0.57347804,0.0007237984944991314
145,6908,180,39,16235.54,9863.505,0.5644222,0.0007237984944991314
146,6908,180,39,16235.54,9665.721,0.5593494,0.0007237984944991314
147,6908,180,39,16235.54,10091.538,0.5690537,0.0007237984944991314
148,6908,180,39,16235.54,10064.295,0.5666378,0.0007237984944991314
149,6908,180,39,16235.54,10180.207,0.56947935,0.0007237984944991314
150,6908,180,39,16235.54,10199.212,0.5672364,0.0007237984944991314
151,6908,180,39,16235.54,10051.669,0.5629546,0.0007237984944991314
152,6908,180,39,16235.54,10024.384,0.5593306,0.0007237984944991314
153,6908,180,39,16235.54,10099.962,0.5619855,0.0007237984944991314
154,6908,180,39,16235.54,9942.207,0.56053954,0.0007237984944991314
155,6908,180,39,16235.54,10268.836,0.56333596,0.0007237984944991314
156,6908,180,39,16235.54,10045.821,0.55567414,0.0007237984944991314
157,6908,180,39,16235.54,9982.339,0.5600176,0.0007237984944991314
158,6908,180,39,16235.54,10128.848,0.5562332,0.0007237984944991314
159,6908,180,39,16235.54,10265.207,0.5560813,0.0007237984944991314
160,6908,180,39,16235.54,10015.847,0.55117714,0.0007237984944991314
161,6908,180,39,16235.54,9972.5205,0.54974943,0.0007237984944991314
162,6908,180,39,16235.54,9649.565,0.541062,0.0007237984944991314
163,6908,180,39,16235.54,9725.715,0.545456,0.0007237984944991314
164,6908,180,39,16235.54,9200.04,0.5338385,0.0007237984944991314
165,6908,180,39,16235.54,9113.95,0.53052163,0.0007237984944991314
166,6908,180,39,16235.54,9102.626,0.5264419,0.0007237984944991314
167,6908,180,39,16235.54,8995.477,0.52503526,0.0007237984944991314
168,6908,180,39,16235.54,8987.253,0.525294,0.0007237984944991314
169,6908,180,39,16235.54,9736.842,0.54614806,0.0007237984944991314
170,6908,180,39,16235.54,9536.189,0.54353744,0.0007237984944991314
171,6908,180,39,16235.54,9889.507,0.5497412,0.0007237984944991314
172,6908,180,39,16235.54,9441.403,0.5418699,0.0007237984944991314
173,6908,180,39,16235.54,9507.728,0.54324573,0.0007237984944991314
174,6908,180,39,16235.54,11050.194,0.5680734,0.0007237984944991314
175,6908,180,39,16235.54,10928.916,0.5640301,0.0007237984944991314
176,6908,180,39,16235.54,11077.15,0.55709964,0.0007237984944991314
177,6908,180,39,16235.54,10805.367,0.5520972,0.0007237984944991314
178,6908,180,39,16235.54,10448.003,0.54631466,0.0007237984944991314
179,6908,180,39,16235.54,10643.553,0.54864705,0.0007237984944991314
180,6908,180,39,16235.54,10319.628,0.5451949,0.0007237984944991314
181,6908,180,39,16235.54,10561.877,0.54658943,0.0007237984944991314
182,6908,180,39,16235.54,10318.435,0.54282206,0.0007237984944991314
183,6908,180,39,16235.54,10544.724,0.5477273,0.0007237984944991314
184,6908,180,39,16235.54,10771.234,0.5471778,0.0007237984944991314
185,6908,180,39,16235.54,10780.533,0.5438695,0.0007237984944991314
186,6908,180,39,16235.54,10757.962,0.5410714,0.0007237984944991314
187,6908,180,39,16235.54,10672.367,0.53507555,0.0007237984944991314
188,6908,180,39,16235.54,11125.202,0.5523801,0.0007237984944991314
189,6908,180,39,16235.54,10703.42,0.5492585,0.0007237984944991314
190,6908,180,39,16235.54,10887.671,0.54603285,0.0007237984944991314
191,6908,180,39,16235.54,10858.969,0.5456986,0.0007237984944991314
192,6908,180,39,16235.54,10367.895,0.5384347,0.0007237984944991314
193,6908,180,39,16235.54,10125.788,0.53259176,0.0007237984944991314
194,6908,180,39,16235.54,9956.033,0.5277102,0.0007237984944991314
195,6908,180,39,16235.54,9707.515,0.5188712,0.0007237984944991314
196,6908,180,39,16235.54,9556.278,0.5175306,0.0007237984944991314
197,6908,180,39,16235.54,9237.1,0.5097114,0.0007237984944991314
198,6908,180,39,16235.54,9602.1875,0.512671,0.0007237984944991314
199,6908,180,39,16235.54,9512.085,0.51422685,0.0007237984944991314
200,6908,180,39,16235.54,9128.04,0.50456107,0.0007237984944991314
201,6908,180,39,16235.54,9507.882,0.5134583,0.0007237984944991314
202,6908,180,39,16235.54,9309.153,0.51182085,0.0007237984944991314
203,6908,180,39,16235.54,9044.807,0.5066327,0.0007237984944991314
204,6908,180,39,16235.54,9114.145,0.50718945,0.0007237984944991314
205,6908,180,39,16235.54,9229.948,0.5058127,0.0007237984944991314
206,6908,180,39,16235.54,9201.669,0.5010426,0.0007237984944991314
207,6908,180,39,16235.54,8960.659,0.49639162,0.0007237984944991314
208,6908,180,39,16235.54,9167.658,0.5045799,0.0007237984944991314
209,6908,180,39,16235.54,8842.192,0.49913687,0.0007237984944991314
210,6908,180,39,16235.54,8948.91,0.49719334,0.0007237984944991314
211,6908,180,39,16235.54,8481.088,0.49244174,0.0007237984944991314
212,6908,180,39,16235.54,8560.992,0.4951242,0.0007237984944991314
213,6908,180,39,16235.54,8707.765,0.49955714,0.0007237984944991314
214,6908,180,39,16235.54,8243.359,0.49013397,0.0007237984944991314
215,6908,180,39,16235.54,8614.012,0.49498367,0.0007237984944991314
216,6908,180,39,16235.54,8476.456,0.48803666,0.0007237984944991314
217,6908,180,39,16235.54,8555.538,0.48622867,0.0007237984944991314
218,6908,180,39,16235.54,8574.611,0.49013036,0.0007237984944991314
219,6908,180,39,16235.54,8602.165,0.4920002,0.0007237984944991314
220,6908,180,39,16235.54,8645.068,0.49356306,0.0007237984944991314
221,6908,180,39,16235.54,8458.08,0.49288988,0.0007237984944991314
222,6908,180,39,16235.54,8618.356,0.48879725,0.0007237984944991314
223,6908,180,39,16235.54,8086.6924,0.47761425,0.0007237984944991314
224,6908,180,39,16235.54,8323.499,0.48562348,0.0007237984944991314
225,6908,180,39,16235.54,8143.5605,0.48116326,0.0007237984944991314
226,6908,180,39,16235.54,8288.344,0.48128632,0.0007237984944991314
227,6908,180,39,16235.54,8467.076,0.483956,0.0007237984944991314
228,6908,180,39,16235.54,8343.487,0.48581702,0.0007237984944991314
229,6908,180,39,16235.54,8589.471,0.49695376,0.0007237984944991314
230,6908,180,39,16235.54,8636.517,0.49130088,0.0007237984944991314
231,6908,180,39,16235.54,8746.802,0.49465212,0.0007237984944991314
232,6908,180,39,16235.54,8831.158,0.49153036,0.0007237984944991314
233,6908,180,39,16235.54,8716.387,0.49196792,0.0007237984944991314
234,6908,180,39,16235.54,8459.986,0.48649248,0.0007237984944991314
235,6908,180,39,16235.54,8248.423,0.48767728,0.0007237984944991314
236,6908,180,39,16235.54,8348.916,0.48941883,0.0007237984944991314
237,6908,180,39,16235.54,8123.1753,0.4856079,0.0007237984944991314
238,6908,180,39,16235.54,8399.1875,0.48821393,0.0007237984944991314
239,6908,180,39,16235.54,8535.353,0.4894363,0.0007237984944991314
240,6908,180,39,16235.54,8627.109,0.49065173,0.0007237984944991314
241,6908,180,39,16235.54,8865.469,0.49940675,0.0007237984944991314
242,6908,180,39,16235.54,8841.378,0.4986429,0.0007237984944991314
243,6908,180,39,16235.54,8478.83,0.49523905,0.0007237984944991314
244,6908,180,39,16235.54,8355.664,0.48661935,0.0007237984944991314
245,6908,180,39,16235.54,8361.386,0.49236906,0.0007237984944991314
246,6908,180,39,16235.54,8447.339,0.4936307,0.0007237984944991314
247,6908,180,39,16235.54,8536.692,0.49007043,0.0007237984944991314
248,6908,180,39,16235.54,8256.186,0.49181414,0.0007237984944991314
249,6908,180,39,16235.54,8271.808,0.4854601,0.0007237984944991314
250,6908,180,39,16235.54,8327.693,0.4824934,0.0007237984944991314
251,6908,180,39,16235.54,7828.255,0.47432217,0.0007237984944991314
252,6908,180,39,16235.54,7784.8594,0.46708858,0.0007237984944991314
253,6908,180,39,16235.54,7780.5107,0.4721386,0.0007237984944991314
254,6908,180,39,16235.54,7745.045,0.4681749,0.0007237984944991314
255,6908,180,39,16235.54,7893.339,0.47435012,0.0007237984944991314
256,6908,180,39,16235.54,7922.867,0.4691484,0.0007237984944991314
257,6908,180,39,16235.54,7995.4707,0.47054544,0.0007237984944991314
258,6908,180,39,16235.54,7875.634,0.4668129,0.0007237984944991314
259,6908,180,39,16235.54,7883.08,0.46666634,0.0007237984944991314
260,6908,180,39,16235.54,7761.692,0.46533108,0.0007237984944991314
261,6908,180,39,16235.54,7483.9395,0.4577537,0.0007237984944991314
262,6908,180,39,16235.54,7321.7715,0.45462888,0.0007237984944991314
263,6908,180,39,16235.54,7583.7705,0.4597774,0.0007237984944991314
264,6908,180,39,16235.54,7500.6606,0.45563278,0.0007237984944991314
265,6908,180,39,16235.54,7636.4697,0.45999402,0.0007237984944991314
266,6908,180,39,16235.54,7544.5254,0.45711353,0.0007237984944991314
267,6908,180,39,16235.54,7333.0337,0.45216435,0.0007237984944991314
268,6908,180,39,16235.54,7629.6196,0.456893,0.0007237984944991314
269,6908,180,39,16235.54,7765.466,0.45790297,0.0007237984944991314
270,6908,180,39,16235.54,7584.1343,0.45319706,0.0007237984944991314
271,6908,180,39,16235.54,7583.95,0.44937518,0.0007237984944991314
272,6908,180,39,16235.54,7324.962,0.44163778,0.0007237984944991314
273,6908,180,39,16235.54,7422.169,0.4473227,0.0007237984944991314
274,6908,180,39,16235.54,7338.8833,0.44183797,0.0007237984944991314
275,6908,180,39,16235.54,7052.201,0.43898714,0.0007237984944991314
276,6908,180,39,16235.54,7241.1543,0.4369629,0.0007237984944991314
277,6908,180,39,16235.54,6966.947,0.4316787,0.0007237984944991314
278,6908,180,39,16235.54,6925.3584,0.43031573,0.0007237984944991314
279,6908,180,39,16235.54,7149.0293,0.43882725,0.0007237984944991314
280,6908,180,39,16235.54,6872.137,0.4338554,0.0007237984944991314
281,6908,180,39,16235.54,6741.1025,0.42993087,0.0007237984944991314
282,6908,180,39,16235.54,6564.848,0.42755878,0.0007237984944991314
283,6908,180,39,16235.54,6661.0576,0.43061376,0.0007237984944991314
284,6908,180,39,16235.54,6738.4595,0.43116546,0.0007237984944991314
285,6908,180,39,16235.54,6746.3467,0.4298055,0.0007237984944991314
286,6908,180,39,16235.54,6895.014,0.42989033,0.0007237984944991314
287,6908,180,39,16235.54,6666.577,0.42573988,0.0007237984944991314
288,6908,180,39,16235.54,7166.7515,0.43231317,0.0007237984944991314
289,6908,180,39,16235.54,7313.539,0.4425294,0.0007237984944991314
290,6908,180,39,16235.54,7051.4736,0.43745327,0.0007237984944991314
291,6908,180,39,16235.54,7269.3877,0.43621433,0.0007237984944991314
292,6908,180,39,16235.54,7006.8604,0.43595523,0.0007237984944991314
293,6908,180,39,16235.54,6874.677,0.43474433,0.0007237984944991314
294,6908,180,39,16235.54,7192.6177,0.4387545,0.0007237984944991314
295,6908,180,39,16235.54,7063.838,0.4382242,0.0007237984944991314
296,6908,180,39,16235.54,6994.52,0.43380195,0.0007237984944991314
297,6908,180,39,16235.54,6894.542,0.43075356,0.0007237984944991314
298,6908,180,39,16235.54,6832.648,0.42943478,0.0007237984944991314
299,6908,180,39,16235.54,6936.2847,0.43282986,0.0007237984944991314
300,6908,180,39,16235.54,7058.702,0.43173125,0.0007237984944991314
301,6908,180,39,16235.54,6700.8086,0.43126127,0.0007237984944991314
302,6908,180,39,16235.54,6681.2393,0.4271912,0.0007237984944991314
303,6908,180,39,16235.54,6542.2627,0.42516926,0.0007237984944991314
304,6908,180,39,16235.54,6374.9277,0.42113096,0.0007237984944991314
305,6908,180,39,16235.54,6310.075,0.4184938,0.0007237984944991314
306,6908,180,39,16235.54,6143.216,0.41877237,0.0007237984944991314
307,6908,180,39,16235.54,6189.629,0.4197637,0.0007237984944991314
308,6908,180,39,16235.54,6402.0386,0.42556512,0.0007237984944991314
309,6908,180,39,16235.54,6672.5977,0.4308636,0.0007237984944991314
310,6908,180,39,16235.54,6460.7534,0.42881903,0.0007237984944991314
311,6908,180,39,16235.54,6295.428,0.42057785,0.0007237984944991314
312,6908,180,39,16235.54,6082.6177,0.41014445,0.0007237984944991314
313,6908,180,39,16235.54,6182.392,0.41066855,0.0007237984944991314
314,6908,180,39,16235.54,5959.1245,0.40195957,0.0007237984944991314
315,6908,180,39,16235.54,5974.1904,0.40481845,0.0007237984944991314
316,6908,180,39,16235.54,5812.119,0.4049685,0.0007237984944991314
317,6908,180,39,16235.54,5861.9463,0.4047315,0.0007237984944991314
318,6908,180,39,16235.54,5974.496,0.40628532,0.0007237984944991314
319,6908,180,39,16235.54,6264.5273,0.4141981,0.0007237984944991314
320,6908,180,39,16235.54,6317.5747,0.40713084,0.0007237984944991314
321,6908,180,39,16235.54,6361.9536,0.4109466,0.0007237984944991314
322,6908,180,39,16235.54,6333.6553,0.40672442,0.0007237984944991314
323,6908,180,39,16235.54,6400.586,0.41288036,0.0007237984944991314
324,6908,180,39,16235.54,6345.7095,0.40802556,0.0007237984944991314
325,6908,180,39,16235.54,6323.439,0.4044548,0.0007237984944991314
326,6908,180,39,16235.54,6412.538,0.4089698,0.0007237984944991314
327,6908,180,39,16235.54,6290.1465,0.404107,0.0007237984944991314
328,6908,180,39,16235.54,6406.4707,0.4032404,0.0007237984944991314
329,6908,180,39,16235.54,6408.9004,0.40770498,0.0007237984944991314
330,6908,180,39,16235.54,6535.3228,0.40806657,0.0007237984944991314
331,6908,180,39,16235.54,6263.148,0.405723,0.0007237984944991314
332,6908,180,39,16235.54,6591.669,0.41072127,0.0007237984944991314
333,6908,180,39,16235.54,6707.7227,0.41153985,0.0007237984944991314
334,6908,180,39,16235.54,6422.9927,0.40492147,0.0007237984944991314
335,6908,180,39,16235.54,6274.889,0.4024229,0.0007237984944991314
336,6908,180,39,16235.54,6237.051,0.40381676,0.0007237984944991314
337,6908,180,39,16235.54,6345.372,0.403931,0.0007237984944991314
338,6908,180,39,16235.54,6382.541,0.40800342,0.0007237984944991314
339,6908,180,39,16235.54,6316.518,0.4042181,0.0007237984944991314
340,6908,180,39,16235.54,6117.6675,0.40148842,0.0007237984944991314
341,6908,180,39,16235.54,6144.117,0.39994872,0.0007237984944991314
342,6908,180,39,16235.54,6086.4023,0.4019964,0.0007237984944991314
343,6908,180,39,16235.54,6280.169,0.40623215,0.0007237984944991314
344,6908,180,39,16235.54,6351.139,0.41085157,0.0007237984944991314
345,6908,180,39,16235.54,6276.447,0.40816712,0.0007237984944991314
346,6908,180,39,16235.54,6183.641,0.40443707,0.0007237984944991314
347,6908,180,39,16235.54,6067.725,0.40512648,0.0007237984944991314
348,6908,180,39,16235.54,6253.324,0.4079825,0.0007237984944991314
349,6908,180,39,16235.54,6564.765,0.4213935,0.0007237984944991314
350,6908,180,39,16235.54,6532.731,0.41477272,0.0007237984944991314
351,6908,180,39,16235.54,6600.9834,0.41724092,0.0007237984944991314
352,6908,180,39,16235.54,6405.9385,0.41476226,0.0007237984944991314
353,6908,180,39,16235.54,6222.176,0.41163176,0.0007237984944991314
354,6908,180,39,16235.54,6228.43,0.4078773,0.0007237984944991314
355,6908,180,39,16235.54,6211.0854,0.40519536,0.0007237984944991314
356,6908,180,39,16235.54,6360.9487,0.41165495,0.0007237984944991314
357,6908,180,39,16235.54,6396.4097,0.41424417,0.0007237984944991314
358,6908,180,39,16235.54,6214.6724,0.4103892,0.0007237984944991314
359,6908,180,39,16235.54,6610.355,0.42195284,0.0007237984944991314
360,6908,180,39,16235.54,6369.5117,0.41231602,0.0007237984944991314
361,6908,180,39,16235.54,6529.633,0.4173743,0.0007237984944991314
362,6908,180,39,16235.54,6476.5933,0.4182005,0.0007237984944991314
363,6908,180,39,16235.54,6413.2583,0.41776475,0.0007237984944991314
364,6908,180,39,16235.54,6755.6,0.42037532,0.0007237984944991314
365,6908,180,39,16235.54,6925.259,0.4199821,0.0007237984944991314
366,6908,180,39,16235.54,6918.991,0.4186859,0.0007237984944991314
367,6908,180,39,16235.54,7070.6636,0.42092183,0.0007237984944991314
368,6908,180,39,16235.54,6994.294,0.42429382,0.0007237984944991314
369,6908,180,39,16235.54,7005.795,0.42306373,0.0007237984944991314
370,6908,180,39,16235.54,6811.1543,0.4192645,0.0007237984944991314
371,6908,180,39,16235.54,6861.666,0.41877455,0.0007237984944991314
372,6908,180,39,16235.54,6548.2593,0.40969184,0.0007237984944991314
373,6908,180,39,16235.54,6412.641,0.4113518,0.0007237984944991314
374,6908,180,39,16235.54,6391.5225,0.40961662,0.0007237984944991314
375,6908,180,39,16235.54,6432.28,0.41271675,0.0007237984944991314
376,6908,180,39,16235.54,6307.1606,0.41079462,0.0007237984944991314
377,6908,180,39,16235.54,6517.913,0.41344783,0.0007237984944991314
378,6908,180,39,16235.54,6383.808,0.41260165,0.0007237984944991314
379,6908,180,39,16235.54,6495.2114,0.41862103,0.0007237984944991314
380,6908,180,39,16235.54,6270.819,0.40945092,0.0007237984944991314
381,6908,180,39,16235.54,6310.1084,0.40880916,0.0007237984944991314
382,6908,180,39,16235.54,6072.8438,0.40687448,0.0007237984944991314
383,6908,180,39,16235.54,5999.519,0.40544787,0.0007237984944991314
384,6908,180,39,16235.54,6053.1274,0.4025599,0.0007237984944991314
385,6908,180,39,16235.54,5882.028,0.39941648,0.0007237984944991314
386,6908,180,39,16235.54,5904.597,0.40165782,0.0007237984944991314
387,6908,180,39,16235.54,5797.9614,0.3984335,0.0007237984944991314
388,6908,180,39,16235.54,5795.852,0.39731446,0.0007237984944991314
389,6908,180,39,16235.54,5993.792,0.39982688,0.0007237984944991314
390,6908,180,39,16235.54,5891.342,0.40014344,0.0007237984944991314
391,6908,180,39,16235.54,6033.18,0.40162006,0.0007237984944991314
392,6908,180,39,16235.54,5837.956,0.39831915,0.0007237984944991314
393,6908,180,39,16235.54,5878.2373,0.39791435,0.0007237984944991314
394,6908,180,39,16235.54,5674.331,0.39054912,0.0007237984944991314
395,6908,180,39,16235.54,5690.8184,0.3889313,0.0007237984944991314
396,6908,180,39,16235.54,5851.5835,0.38790044,0.0007237984944991314
397,6908,180,39,16235.54,5998.3716,0.39502108,0.0007237984944991314
398,6908,180,39,16235.54,5838.6455,0.39431527,0.0007237984944991314
399,6908,180,39,16235.54,5985.149,0.39499146,0.0007237984944991314
400,6908,180,39,16235.54,6016.0645,0.3915187,0.0007237984944991314
401,6908,180,39,16235.54,5920.6543,0.3946228,0.0007237984944991314
402,6908,180,39,16235.54,5930.2812,0.39156872,0.0007237984944991314
403,6908,180,39,16235.54,5979.6216,0.39196596,0.0007237984944991314
404,6908,180,39,16235.54,6030.495,0.39454073,0.0007237984944991314
405,6908,180,39,16235.54,6094.855,0.39473525,0.0007237984944991314
406,6908,180,39,16235.54,6054.2363,0.39213526,0.0007237984944991314
407,6908,180,39,16235.54,5688.737,0.39325196,0.0007237984944991314
408,6908,180,39,16235.54,5776.744,0.3894896,0.0007237984944991314
409,6908,180,39,16235.54,6175.266,0.40535983,0.0007237984944991314
410,6908,180,39,16235.54,6276.331,0.4042442,0.0007237984944991314
411,6908,180,39,16235.54,6071.893,0.40664893,0.0007237984944991314
412,6908,180,39,16235.54,6147.3643,0.40874377,0.0007237984944991314
413,6908,180,39,16235.54,6063.2793,0.40436876,0.0007237984944991314
414,6908,180,39,16235.54,6107.0513,0.40294114,0.0007237984944991314
415,6908,180,39,16235.54,6003.6084,0.4013849,0.0007237984944991314
416,6908,180,39,16235.54,6009.5566,0.40066257,0.0007237984944991314
417,6908,180,39,16235.54,5600.852,0.39108896,0.0007237984944991314
418,6908,180,39,16235.54,5943.675,0.39818475,0.0007237984944991314
419,6908,180,39,16235.54,6092.787,0.40523222,0.0007237984944991314
420,6908,180,39,16235.54,6044.772,0.4019996,0.0007237984944991314
421,6908,180,39,16235.54,5978.0483,0.40286368,0.0007237984944991314
422,6908,180,39,16235.54,5753.6387,0.39802173,0.0007237984944991314
423,6908,180,39,16235.54,5394.74,0.39363217,0.0007237984944991314
424,6908,180,39,16235.54,5384.4546,0.39199626,0.0007237984944991314
425,6908,180,39,16235.54,5405.7456,0.39293307,0.0007237984944991314
426,6908,180,39,16235.54,5424.4595,0.39562166,0.0007237984944991314
427,6908,180,39,16235.54,5199.926,0.3901551,0.0007237984944991314
428,6908,180,39,16235.54,5500.953,0.39510325,0.0007237984944991314
429,6908,180,39,16235.54,5579.1475,0.39606872,0.0007237984944991314
430,6908,180,39,16235.54,5412.962,0.39444035,0.0007237984944991314
431,6908,180,39,16235.54,5370.004,0.39369553,0.0007237984944991314
432,6908,180,39,16235.54,5372.3496,0.38849178,0.0007237984944991314
433,6908,180,39,16235.54,5324.0635,0.38591623,0.0007237984944991314
434,6908,180,39,16235.54,5215.647,0.37891427,0.0007237984944991314
435,6908,180,39,16235.54,5432.117,0.3866107,0.0007237984944991314
436,6908,180,39,16235.54,5713.55,0.38864878,0.0007237984944991314
437,6908,180,39,16235.54,5864.4805,0.3892147,0.0007237984944991314
438,6908,180,39,16235.54,5915.4966,0.39437202,0.0007237984944991314
439,6908,180,39,16235.54,6136.6396,0.40026942,0.0007237984944991314
440,6908,180,39,16235.54,6147.438,0.40432844,0.0007237984944991314
441,6908,180,39,16235.54,6022.509,0.3990753,0.0007237984944991314
442,6908,180,39,16235.54,6107.7505,0.398931,0.0007237984944991314
443,6908,180,39,16235.54,6177.93,0.39715746,0.0007237984944991314
444,6908,180,39,16235.54,5887.3506,0.39096436,0.0007237984944991314
445,6908,180,39,16235.54,5727.4785,0.39222112,0.0007237984944991314
446,6908,180,39,16235.54,6032.6904,0.3953747,0.0007237984944991314
447,6908,180,39,16235.54,6153.553,0.3987576,0.0007237984944991314
448,6908,180,39,16235.54,6261.587,0.40173918,0.0007237984944991314
449,6908,180,39,16235.54,6201.236,0.3980443,0.0007237984944991314
450,6908,180,39,16235.54,6199.8296,0.3994895,0.0007237984944991314
451,6908,180,39,16235.54,6288.1714,0.4020378,0.0007237984944991314
452,6908,180,39,16235.54,5968.521,0.39898643,0.0007237984944991314
453,6908,180,39,16235.54,6149.264,0.4032011,0.0007237984944991314
454,6908,180,39,16235.54,6087.277,0.40058872,0.0007237984944991314
455,6908,180,39,16235.54,6114.3086,0.4046871,0.0007237984944991314
456,6908,180,39,16235.54,6171.3403,0.4019741,0.0007237984944991314
457,6908,180,39,16235.54,6132.4155,0.3993149,0.0007237984944991314
458,6908,180,39,16235.54,6227.0923,0.39585596,0.0007237984944991314
459,6908,180,39,16235.54,6361.869,0.40268543,0.0007237984944991314
460,6908,180,39,16235.54,6245.9194,0.40370712,0.0007237984944991314
461,6908,180,39,16235.54,6113.3535,0.40504253,0.0007237984944991314
462,6908,180,39,16235.54,6216.12,0.40740648,0.0007237984944991314
463,6908,180,39,16235.54,6212.517,0.4136261,0.0007237984944991314
464,6908,180,39,16235.54,6038.608,0.4078496,0.0007237984944991314
465,6908,180,39,16235.54,6307.214,0.41445765,0.0007237984944991314
466,6908,180,39,16235.54,6064.084,0.40795425,0.0007237984944991314
467,6908,180,39,16235.54,6175.3525,0.41377354,0.0007237984944991314
468,6908,180,39,16235.54,6040.781,0.4120057,0.0007237984944991314
469,6908,180,39,16235.54,6317.2275,0.4235909,0.0007237984944991314
470,6908,180,39,16235.54,6872.277,0.42857903,0.0007237984944991314
471,6908,180,39,16235.54,6852.165,0.42815053,0.0007237984944991314
472,6908,180,39,16235.54,6962.6445,0.4302808,0.0007237984944991314
473,6908,180,39,16235.54,7376.501,0.43851465,0.0007237984944991314
474,6908,180,39,16235.54,7427.1533,0.4438392,0.0007237984944991314
475,6908,180,39,16235.54,7410.416,0.4432688,0.0007237984944991314
476,6908,180,39,16235.54,7324.7954,0.43740413,0.0007237984944991314
477,6908,180,39,16235.54,7348.575,0.43949518,0.0007237984944991314
478,6908,180,39,16235.54,7972.776,0.44637486,0.0007237984944991314
479,6908,180,39,16235.54,7998.108,0.4504201,0.0007237984944991314
480,6908,180,39,16235.54,7829.143,0.45127755,0.0007237984944991314
481,6908,180,39,16235.54,8163.0205,0.45449013,0.0007237984944991314
482,6908,180,39,16235.54,7879.1094,0.45075214,0.0007237984944991314
483,6908,180,39,16235.54,7884.654,0.45028508,0.0007237984944991314
484,6908,180,39,16235.54,7821.2173,0.4494859,0.0007237984944991314
485,6908,180,39,16235.54,8046.328,0.45503503,0.0007237984944991314
486,6908,180,39,16235.54,8034.5874,0.45042446,0.0007237984944991314
487,6908,180,39,16235.54,8292.504,0.45289737,0.0007237984944991314
488,6908,180,39,16235.54,8228.919,0.4538904,0.0007237984944991314
489,6908,180,39,16235.54,8626.404,0.46312892,0.0007237984944991314
490,6908,180,39,16235.54,8370.533,0.4557313,0.0007237984944991314
491,6908,180,39,16235.54,8345.119,0.45521665,0.0007237984944991314
492,6908,180,39,16235.54,8271.255,0.4555877,0.0007237984944991314
493,6908,180,39,16235.54,7918.313,0.45340574,0.0007237984944991314
494,6908,180,39,16235.54,8179.167,0.45745867,0.0007237984944991314
495,6908,180,39,16235.54,7857.744,0.45401978,0.0007237984944991314
496,6908,180,39,16235.54,7717.5044,0.44826713,0.0007237984944991314
497,6908,180,39,16235.54,7581.7964,0.44723362,0.0007237984944991314
498,6908,180,39,16235.54,7440.3037,0.44412708,0.0007237984944991314
499,6908,180,39,16235.54,7844.0327,0.45294228,0.0007237984944991314
500,6908,180,39,16235.54,7681.476,0.44874874,0.0007237984944991314
501,6908,180,39,16235.54,8162.7905,0.45361653,0.0007237984944991314
502,6908,180,39,16235.54,7676.7837,0.44843656,0.0007237984944991314
503,6908,180,39,16235.54,7653.387,0.45345712,0.0007237984944991314
504,6908,180,39,16235.54,7682.062,0.44899064,0.0007237984944991314
505,6908,180,39,16235.54,7523.2476,0.44603282,0.0007237984944991314
506,6908,180,39,16235.54,7024.8667,0.43625665,0.0007237984944991314
507,6908,180,39,16235.54,7399.106,0.4449669,0.0007237984944991314
508,6908,180,39,16235.54,7099.7744,0.43851042,0.0007237984944991314
509,6908,180,39,16235.54,7495.968,0.45194507,0.0007237984944991314
510,6908,180,39,16235.54,7522.7793,0.45265475,0.0007237984944991314
511,6908,180,39,16235.54,7446.096,0.4499975,0.0007237984944991314
512,6908,180,39,16235.54,7089.207,0.44200712,0.0007237984944991314
513,6908,180,39,16235.54,7204.1577,0.4393735,0.0007237984944991314
514,6908,180,39,16235.54,7187.717,0.44247904,0.0007237984944991314
515,6908,180,39,16235.54,7188.399,0.44064775,0.0007237984944991314
516,6908,180,39,16235.54,7139.7544,0.43979028,0.0007237984944991314
517,6908,180,39,16235.54,7182.891,0.43863887,0.0007237984944991314
518,6908,180,39,16235.54,7041.6245,0.43923172,0.0007237984944991314
519,6908,180,39,16235.54,7276.264,0.44120985,0.0007237984944991314
520,6908,180,39,16235.54,7364.7676,0.4381204,0.0007237984944991314
521,6908,180,39,16235.54,7330.083,0.4377159,0.0007237984944991314
522,6908,180,39,16235.54,7316.3184,0.43904355,0.0007237984944991314
523,6908,180,39,16235.54,7196.9536,0.43673068,0.0007237984944991314
524,6908,180,39,16235.54,7053.448,0.43612266,0.0007237984944991314
525,6908,180,39,16235.54,7379.256,0.44300792,0.0007237984944991314
526,6908,180,39,16235.54,7345.6143,0.43749508,0.0007237984944991314
527,6908,180,39,16235.54,7388.1724,0.4420305,0.0007237984944991314
528,6908,180,39,16235.54,7266.3706,0.44074214,0.0007237984944991314
529,6908,180,39,16235.54,7880.742,0.4473986,0.0007237984944991314
530,6908,180,39,16235.54,7733.7534,0.44397032,0.0007237984944991314
531,6908,180,39,16235.54,7767.637,0.44634715,0.0007237984944991314
532,6908,180,39,16235.54,7623.199,0.44159654,0.0007237984944991314
533,6908,180,39,16235.54,7498.994,0.4429744,0.0007237984944991314
534,6908,180,39,16235.54,7357.0054,0.44259194,0.0007237984944991314
535,6908,180,39,16235.54,7558.008,0.44078872,0.0007237984944991314
536,6908,180,39,16235.54,7575.515,0.44586644,0.0007237984944991314
537,6908,180,39,16235.54,7633.9644,0.44394356,0.0007237984944991314
538,6908,180,39,16235.54,7691.419,0.4453507,0.0007237984944991314
539,6908,180,39,16235.54,8147.157,0.45676067,0.0007237984944991314
540,6908,180,39,16235.54,7831.029,0.44673988,0.0007237984944991314
541,6908,180,39,16235.54,7676.085,0.4453211,0.0007237984944991314
542,6908,180,39,16235.54,7832.4893,0.44652033,0.0007237984944991314
543,6908,180,39,16235.54,7692.2417,0.44523245,0.0007237984944991314
544,6908,180,39,16235.54,7610.9727,0.44259423,0.0007237984944991314
545,6908,180,39,16235.54,7179.7974,0.4418481,0.0007237984944991314
546,6908,180,39,16235.54,7277.691,0.4382037,0.0007237984944991314
547,6908,180,39,16235.54,7489.1743,0.43711895,0.0007237984944991314
548,6908,180,39,16235.54,7228.055,0.4357485,0.0007237984944991314
549,6908,180,39,16235.54,7500.3687,0.4369755,0.0007237984944991314
550,6908,180,39,16235.54,7376.429,0.43076897,0.0007237984944991314
551,6908,180,39,16235.54,7860.7153,0.43766207,0.0007237984944991314
552,6908,180,39,16235.54,7617.643,0.44099444,0.0007237984944991314
553,6908,180,39,16235.54,7597.3154,0.4405942,0.0007237984944991314
554,6908,180,39,16235.54,7404.956,0.44056082,0.0007237984944991314
555,6908,180,39,16235.54,7405.932,0.4429025,0.0007237984944991314
556,6908,180,39,16235.54,7526.6724,0.44426936,0.0007237984944991314
557,6908,180,39,16235.54,6981.7964,0.43465292,0.0007237984944991314
558,6908,180,39,16235.54,7208.0884,0.4436923,0.0007237984944991314
559,6908,180,39,16235.54,7386.798,0.4442696,0.0007237984944991314
560,6908,180,39,16235.54,7348.187,0.44176432,0.0007237984944991314
561,6908,180,39,16235.54,7300.4927,0.44465953,0.0007237984944991314
562,6908,180,39,16235.54,7594.567,0.44357148,0.0007237984944991314
563,6908,180,39,16235.54,7284.1543,0.44258296,0.0007237984944991314
564,6908,180,39,16235.54,7014.431,0.43917003,0.0007237984944991314
565,6908,180,39,16235.54,7453.783,0.44580826,0.0007237984944991314
566,6908,180,39,16235.54,7493.937,0.44447163,0.0007237984944991314
567,6908,180,39,16235.54,7384.745,0.44172066,0.0007237984944991314
568,6908,180,39,16235.54,7363.989,0.4412897,0.0007237984944991314
569,6908,180,39,16235.54,7254.349,0.44366467,0.0007237984944991314
570,6908,180,39,16235.54,7321.9014,0.43798983,0.0007237984944991314
571,6908,180,39,16235.54,7560.435,0.44380388,0.0007237984944991314
572,6908,180,39,16235.54,7222.354,0.44246978,0.0007237984944991314
573,6908,180,39,16235.54,7474.13,0.44453713,0.0007237984944991314
574,6908,180,39,16235.54,7162.8296,0.43773693,0.0007237984944991314
575,6908,180,39,16235.54,7344.3506,0.43970236,0.0007237984944991314
576,6908,180,39,16235.54,7415.582,0.44122043,0.0007237984944991314
577,6908,180,39,16235.54,7123.626,0.4385778,0.0007237984944991314
578,6908,180,39,16235.54,7248.312,0.44453013,0.0007237984944991314
579,6908,180,39,16235.54,7407.459,0.44271114,0.0007237984944991314
580,6908,180,39,16235.54,7638.6763,0.45040375,0.0007237984944991314
581,6908,180,39,16235.54,7321.2935,0.44843462,0.0007237984944991314
582,6908,180,39,16235.54,7317.5835,0.44415185,0.0007237984944991314
583,6908,180,39,16235.54,7625.2954,0.4504146,0.0007237984944991314
584,6908,180,39,16235.54,7586.0264,0.44655052,0.0007237984944991314
585,6908,180,39,16235.54,7652.56,0.4512378,0.0007237984944991314
586,6908,180,39,16235.54,7506.8545,0.44987,0.0007237984944991314
587,6908,180,39,16235.54,7321.0195,0.4451275,0.0007237984944991314
588,6908,180,39,16235.54,7532.7915,0.44960964,0.0007237984944991314
589,6908,180,39,16235.54,7668.391,0.45763645,0.0007237984944991314
590,6908,180,39,16235.54,7666.8726,0.45712116,0.0007237984944991314
591,6908,180,39,16235.54,7423.081,0.4532192,0.0007237984944991314
592,6908,180,39,16235.54,7461.0083,0.45223612,0.0007237984944991314
593,6908,180,39,16235.54,7525.711,0.44930503,0.0007237984944991314
594,6908,180,39,16235.54,7425.256,0.45122075,0.0007237984944991314
595,6908,180,39,16235.54,7205.5938,0.44518957,0.0007237984944991314
596,6908,180,39,16235.54,7105.783,0.44144365,0.0007237984944991314
597,6908,180,39,16235.54,6787.691,0.4370424,0.0007237984944991314
598,6908,180,39,16235.54,6633.285,0.43807027,0.0007237984944991314
599,6908,180,39,16235.54,6964.4307,0.44593507,0.0007237984944991314
600,6908,180,39,16235.54,6637.5024,0.44277665,0.0007237984944991314
601,6908,180,39,16235.54,6991.7046,0.4427794,0.0007237984944991314
602,6908,180,39,16235.54,6800.912,0.44058362,0.0007237984944991314
603,6908,180,39,16235.54,6991.841,0.4438082,0.0007237984944991314
604,6908,180,39,16235.54,6968.9014,0.44155833,0.0007237984944991314
605,6908,180,39,16235.54,6608.008,0.43436277,0.0007237984944991314
606,6908,180,39,16235.54,6835.0415,0.44018444,0.0007237984944991314
607,6908,180,39,16235.54,6874.0034,0.43709043,0.0007237984944991314
608,6908,180,39,16235.54,6868.747,0.44717172,0.0007237984944991314
609,6908,180,39,16235.54,7006.5903,0.44366258,0.0007237984944991314
610,6908,180,39,16235.54,6955.2896,0.44167432,0.0007237984944991314
611,6908,180,39,16235.54,6983.1626,0.4402185,0.0007237984944991314
612,6908,180,39,16235.54,6859.9917,0.435309,0.0007237984944991314
613,6908,180,39,16235.54,7005.6655,0.43783784,0.0007237984944991314
614,6908,180,39,16235.54,7008.4746,0.43335524,0.0007237984944991314
615,6908,180,39,16235.54,6767.7974,0.43016395,0.0007237984944991314
616,6908,180,39,16235.54,6472.157,0.4244448,0.0007237984944991314
617,6908,180,39,16235.54,6539.5693,0.42661995,0.0007237984944991314
618,6908,180,39,16235.54,6761.942,0.43461195,0.0007237984944991314
619,6908,180,39,16235.54,6962.9634,0.43524635,0.0007237984944991314
620,6908,180,39,16235.54,6835.173,0.43092966,0.0007237984944991314
621,6908,180,39,16235.54,6792.135,0.4334854,0.0007237984944991314
622,6908,180,39,16235.54,6635.807,0.42702326,0.0007237984944991314
623,6908,180,39,16235.54,6771.061,0.4288994,0.0007237984944991314
624,6908,180,39,16235.54,6742.6904,0.426697,0.0007237984944991314
625,6908,180,39,16235.54,6609.102,0.4245429,0.0007237984944991314
626,6908,180,39,16235.54,6531.5186,0.42329594,0.0007237984944991314
627,6908,180,39,16235.54,6417.6367,0.42686743,0.0007237984944991314
628,6908,180,39,16235.54,6541.7295,0.42947128,0.0007237984944991314
629,6908,180,39,16235.54,6519.346,0.43171778,0.0007237984944991314
630,6908,180,39,16235.54,6524.1514,0.43100795,0.0007237984944991314
631,6908,180,39,16235.54,6700.0903,0.4408036,0.0007237984944991314
632,6908,180,39,16235.54,6739.904,0.44166464,0.0007237984944991314
633,6908,180,39,16235.54,7130.525,0.44732645,0.0007237984944991314
634,6908,180,39,16235.54,7209.65,0.4503647,0.0007237984944991314
635,6908,180,39,16235.54,6997.9307,0.4452211,0.0007237984944991314
636,6908,180,39,16235.54,7067.573,0.44265178,0.0007237984944991314
637,6908,180,39,16235.54,7031.5425,0.44382867,0.0007237984944991314
638,6908,180,39,16235.54,7024.9297,0.44196028,0.0007237984944991314
639,6908,180,39,16235.54,7134.717,0.45146483,0.0007237984944991314
640,6908,180,39,16235.54,7159.786,0.44751793,0.0007237984944991314
641,6908,180,39,16235.54,7113.9297,0.44465685,0.0007237984944991314
642,6908,180,39,16235.54,7062.742,0.44487408,0.0007237984944991314
643,6908,180,39,16235.54,6858.7495,0.4405404,0.0007237984944991314
644,6908,180,39,16235.54,6935.063,0.44178444,0.0007237984944991314
645,6908,180,39,16235.54,6788.637,0.4396407,0.0007237984944991314
646,6908,180,39,16235.54,6961.0786,0.44399247,0.0007237984944991314
647,6908,180,39,16235.54,6819.4204,0.43731254,0.0007237984944991314
648,6908,180,39,16235.54,6725.4385,0.44264525,0.0007237984944991314
649,6908,180,39,16235.54,7212.186,0.45310768,0.0007237984944991314
650,6908,180,39,16235.54,7005.573,0.44646633,0.0007237984944991314
651,6908,180,39,16235.54,7011.0864,0.44729337,0.0007237984944991314
652,6908,180,39,16235.54,6853.025,0.44459662,0.0007237984944991314
653,6908,180,39,16235.54,6857.6475,0.44683263,0.0007237984944991314
654,6908,180,39,16235.54,6931.966,0.44435138,0.0007237984944991314
655,6908,180,39,16235.54,7121.2896,0.45201755,0.0007237984944991314
656,6908,180,39,16235.54,7394.901,0.45983472,0.0007237984944991314
657,6908,180,39,16235.54,7093.6533,0.4522412,0.0007237984944991314
658,6908,180,39,16235.54,7014.6445,0.45469233,0.0007237984944991314
659,6908,180,39,16235.54,7060.6377,0.45374498,0.0007237984944991314
660,6908,180,39,16235.54,7122.9336,0.4543655,0.0007237984944991314
661,6908,180,39,16235.54,7195.1187,0.45608622,0.0007237984944991314
662,6908,180,39,16235.54,7017.919,0.45318863,0.0007237984944991314
663,6908,180,39,16235.54,7178.0854,0.45414072,0.0007237984944991314
664,6908,180,39,16235.54,7141.8286,0.4510618,0.0007237984944991314
665,6908,180,39,16235.54,7270.048,0.44916022,0.0007237984944991314
666,6908,180,39,16235.54,7248.5347,0.4498393,0.0007237984944991314
667,6908,180,39,16235.54,7175.798,0.45196068,0.0007237984944991314
668,6908,180,39,16235.54,7385.9316,0.45671913,0.0007237984944991314
669,6908,180,39,16235.54,7648.2935,0.46533272,0.0007237984944991314
670,6908,180,39,16235.54,7416.504,0.4559985,0.0007237984944991314
671,6908,180,39,16235.54,7426.908,0.46108383,0.0007237984944991314
672,6908,180,39,16235.54,7133.5225,0.45200318,0.0007237984944991314
673,6908,180,39,16235.54,7275.5225,0.45234895,0.0007237984944991314
674,6908,180,39,16235.54,7209.9175,0.44793576,0.0007237984944991314
675,6908,180,39,16235.54,7440.449,0.45304692,0.0007237984944991314
676,6908,180,39,16235.54,7411.787,0.44964638,0.0007237984944991314
677,6908,180,39,16235.54,7128.2153,0.4419883,0.0007237984944991314
678,6908,180,39,16235.54,6944.743,0.44022012,0.0007237984944991314
679,6908,180,39,16235.54,7042.8765,0.44581908,0.0007237984944991314
680,6908,180,39,16235.54,7120.7954,0.44535312,0.0007237984944991314
681,6908,180,39,16235.54,7104.8066,0.44515252,0.0007237984944991314
682,6908,180,39,16235.54,6781.4946,0.44003785,0.0007237984944991314
683,6908,180,39,16235.54,6921.9624,0.44140437,0.0007237984944991314
684,6908,180,39,16235.54,7185.7607,0.4486343,0.0007237984944991314
685,6908,180,39,16235.54,7340.3457,0.45212474,0.0007237984944991314
686,6908,180,39,16235.54,7311.7896,0.44781375,0.0007237984944991314
687,6908,180,39,16235.54,7361.7393,0.45189047,0.0007237984944991314
688,6908,180,39,16235.54,7508.521,0.45431525,0.0007237984944991314
689,6908,180,39,16235.54,7661.8037,0.4602058,0.0007237984944991314
690,6908,180,39,16235.54,7343.4004,0.4490191,0.0007237984944991314
691,6908,180,39,16235.54,7574.3325,0.45876622,0.0007237984944991314
692,6908,180,39,16235.54,7439.02,0.45942217,0.0007237984944991314
693,6908,180,39,16235.54,7361.144,0.45640475,0.0007237984944991314
694,6908,180,39,16235.54,7332.539,0.45511925,0.0007237984944991314
695,6908,180,39,16235.54,7126.2744,0.45256093,0.0007237984944991314
696,6908,180,39,16235.54,7147.2754,0.45500916,0.0007237984944991314
697,6908,180,39,16235.54,7349.1616,0.4565405,0.0007237984944991314
698,6908,180,39,16235.54,7390.2446,0.464152,0.0007237984944991314
699,6908,180,39,16235.54,7619.684,0.46517208,0.0007237984944991314
700,6908,180,39,16235.54,7643.2397,0.4606919,0.0007237984944991314
701,6908,180,39,16235.54,7810.792,0.46573696,0.0007237984944991314
702,6908,180,39,16235.54,7712.4165,0.4664217,0.0007237984944991314
703,6908,180,39,16235.54,7450.1743,0.46009436,0.0007237984944991314
704,6908,180,39,16235.54,7247.021,0.45676464,0.0007237984944991314
705,6908,180,39,16235.54,7359.6294,0.45958728,0.0007237984944991314
706,6908,180,39,16235.54,7426.585,0.46184388,0.0007237984944991314
707,6908,180,39,16235.54,7539.84,0.46103638,0.0007237984944991314
708,6908,180,39,16235.54,7413.278,0.46574953,0.0007237984944991314
709,6908,180,39,16235.54,7933.7734,0.47813392,0.0007237984944991314
710,6908,180,39,16235.54,8358.542,0.48401022,0.0007237984944991314
711,6908,180,39,16235.54,8325.344,0.4804309,0.0007237984944991314
712,6908,180,39,16235.54,8002.315,0.47445005,0.0007237984944991314
713,6908,180,39,16235.54,8648.84,0.48379314,0.0007237984944991314
714,6908,180,39,16235.54,8167.0913,0.4823187,0.0007237984944991314
715,6908,180,39,16235.54,8382.326,0.48638532,0.0007237984944991314
716,6908,180,39,16235.54,8281.414,0.48217228,0.0007237984944991314
717,6908,180,39,16235.54,8379.179,0.48425683,0.0007237984944991314
718,6908,180,39,16235.54,8378.842,0.48708567,0.0007237984944991314
719,6908,180,39,16235.54,8417.791,0.49101466,0.0007237984944991314
720,6908,180,39,16235.54,8481.353,0.4895109,0.0007237984944991314
721,6908,180,39,16235.54,8472.575,0.48729408,0.0007237984944991314
722,6908,180,39,16235.54,8458.264,0.48714188,0.0007237984944991314
723,6908,180,39,16235.54,8869.261,0.4836927,0.0007237984944991314
724,6908,180,39,16235.54,8506.836,0.47976366,0.0007237984944991314
725,6908,180,39,16235.54,8741.481,0.48582435,0.0007237984944991314
726,6908,180,39,16235.54,8943.177,0.4904659,0.0007237984944991314
727,6908,180,39,16235.54,9193.833,0.4933097,0.0007237984944991314
728,6908,180,39,16235.54,9166.0205,0.4974346,0.0007237984944991314
729,6908,180,39,16235.54,9641.18,0.50476795,0.0007237984944991314
730,6908,180,39,16235.54,9115.785,0.49784434,0.0007237984944991314
731,6908,180,39,16235.54,9061.399,0.49373096,0.0007237984944991314
732,6908,180,39,16235.54,8551.2705,0.4899494,0.0007237984944991314
733,6908,180,39,16235.54,8424.589,0.48641178,0.0007237984944991314
734,6908,180,39,16235.54,8421.587,0.48552933,0.0007237984944991314
735,6908,180,39,16235.54,7844.0303,0.4778367,0.0007237984944991314
736,6908,180,39,16235.54,8289.445,0.48026702,0.0007237984944991314
737,6908,180,39,16235.54,7883.525,0.4755105,0.0007237984944991314
738,6908,180,39,16235.54,7727.968,0.4781458,0.0007237984944991314
739,6908,180,39,16235.54,8071.33,0.48338985,0.0007237984944991314
740,6908,180,39,16235.54,7672.1333,0.4759576,0.0007237984944991314
741,6908,180,39,16235.54,7907.5757,0.47848603,0.0007237984944991314
742,6908,180,39,16235.54,8081.053,0.480538,0.0007237984944991314
743,6908,180,39,16235.54,8036.8154,0.47746846,0.0007237984944991314
744,6908,180,39,16235.54,7875.743,0.47535095,0.0007237984944991314
745,6908,180,39,16235.54,7979.5903,0.4751255,0.0007237984944991314
746,6908,180,39,16235.54,8076.764,0.47407517,0.0007237984944991314
747,6908,180,39,16235.54,8090.7495,0.4779098,0.0007237984944991314
748,6908,180,39,16235.54,8384.263,0.48391312,0.0007237984944991314
749,6908,180,39,16235.54,8839.086,0.4943359,0.0007237984944991314
750,6908,180,39,16235.54,8330.745,0.4886027,0.0007237984944991314
751,6908,180,39,16235.54,8504.188,0.48820376,0.0007237984944991314
752,6908,180,39,16235.54,8391.842,0.48521778,0.0007237984944991314
753,6908,180,39,16235.54,8020.6353,0.47385108,0.0007237984944991314
754,6908,180,39,16235.54,8311.717,0.4749028,0.0007237984944991314
755,6908,180,39,16235.54,8414.971,0.47587773,0.0007237984944991314
756,6908,180,39,16235.54,8087.4434,0.47141936,0.0007237984944991314
757,6908,180,39,16235.54,7924.043,0.46941894,0.0007237984944991314
758,6908,180,39,16235.54,8014.8125,0.47017422,0.0007237984944991314
759,6908,180,39,16235.54,7779.197,0.4714886,0.0007237984944991314
760,6908,180,39,16235.54,7858.492,0.4673113,0.0007237984944991314
761,6908,180,39,16235.54,7666.59,0.4659902,0.0007237984944991314
762,6908,180,39,16235.54,7973.456,0.46699053,0.0007237984944991314
763,6908,180,39,16235.54,7983.9873,0.47169146,0.0007237984944991314
764,6908,180,39,16235.54,7667.118,0.4681275,0.0007237984944991314
765,6908,180,39,16235.54,7562.5815,0.4704553,0.0007237984944991314
766,6908,180,39,16235.54,7682.6416,0.47552407,0.0007237984944991314
767,6908,180,39,16235.54,7574.7876,0.47013918,0.0007237984944991314
768,6908,180,39,16235.54,8335.555,0.48450866,0.0007237984944991314
769,6908,180,39,16235.54,8423.401,0.4937778,0.0007237984944991314
770,6908,180,39,16235.54,8195.681,0.48430222,0.0007237984944991314
771,6908,180,39,16235.54,8368.676,0.48561415,0.0007237984944991314
772,6908,180,39,16235.54,8787.611,0.4945833,0.0007237984944991314
773,6908,180,39,16235.54,8438.216,0.48859486,0.0007237984944991314
774,6908,180,39,16235.54,8440.059,0.48768258,0.0007237984944991314
775,6908,180,39,16235.54,8471.844,0.48860335,0.0007237984944991314
776,6908,180,39,16235.54,8874.379,0.49364382,0.0007237984944991314
777,6908,180,39,16235.54,9750.32,0.501453,0.0007237984944991314
778,6908,180,39,16235.54,9558.12,0.5000217,0.0007237984944991314
779,6908,180,39,16235.54,8887.47,0.49443462,0.0007237984944991314
780,6908,180,39,16235.54,9126.177,0.49734676,0.0007237984944991314
781,6908,180,39,16235.54,9216.64,0.49755502,0.0007237984944991314
782,6908,180,39,16235.54,8936.793,0.4935679,0.0007237984944991314
783,6908,180,39,16235.54,9422.442,0.50381035,0.0007237984944991314
784,6908,180,39,16235.54,8791.495,0.49993032,0.0007237984944991314
785,6908,180,39,16235.54,8718.768,0.49689797,0.0007237984944991314
786,6908,180,39,16235.54,8067.88,0.4842048,0.0007237984944991314
787,6908,180,39,16235.54,8605.976,0.4936742,0.0007237984944991314
788,6908,180,39,16235.54,8598.231,0.5009971,0.0007237984944991314
789,6908,180,39,16235.54,9306.004,0.5106931,0.0007237984944991314
790,6908,180,39,16235.54,9062.185,0.50328076,0.0007237984944991314
791,6908,180,39,16235.54,8507.647,0.5014783,0.0007237984944991314
792,6908,180,39,16235.54,8613.366,0.50242126,0.0007237984944991314
793,6908,180,39,16235.54,8718.642,0.5035351,0.0007237984944991314
794,6908,180,39,16235.54,9138.031,0.51368105,0.0007237984944991314
795,6908,180,39,16235.54,8249.458,0.49868572,0.0007237984944991314
796,6908,180,39,16235.54,8194.148,0.49277487,0.0007237984944991314
797,6908,180,39,16235.54,8334.801,0.49609122,0.0007237984944991314
798,6908,180,39,16235.54,7918.0747,0.48882145,0.0007237984944991314
799,6908,180,39,16235.54,8092.2295,0.4949698,0.0007237984944991314
800,6908,180,39,16235.54,8416.325,0.50241077,0.0007237984944991314
801,6908,180,39,16235.54,8885.616,0.51042724,0.0007237984944991314
802,6908,180,39,16235.54,8527.81,0.50195575,0.0007237984944991314
803,6908,180,39,16235.54,8990.399,0.5117079,0.0007237984944991314
804,6908,180,39,16235.54,9400.378,0.5129971,0.0007237984944991314
805,6908,180,39,16235.54,8758.211,0.5087401,0.0007237984944991314
806,6908,180,39,16235.54,8562.611,0.49927703,0.0007237984944991314
807,6908,180,39,16235.54,8835.098,0.5035764,0.0007237984944991314
808,6908,180,39,16235.54,8947.094,0.50995946,0.0007237984944991314
809,6908,180,39,16235.54,9344.632,0.5201747,0.0007237984944991314
810,6908,180,39,16235.54,9294.579,0.5172001,0.0007237984944991314
811,6908,180,39,16235.54,9439.186,0.5214573,0.0007237984944991314
812,6908,180,39,16235.54,8949.069,0.51348907,0.0007237984944991314
813,6908,180,39,16235.54,8964.554,0.5117313,0.0007237984944991314
814,6908,180,39,16235.54,8985.861,0.5163707,0.0007237984944991314
815,6908,180,39,16235.54,9182.848,0.5192748,0.0007237984944991314
816,6908,180,39,16235.54,9047.481,0.51821834,0.0007237984944991314
817,6908,180,39,16235.54,8866.87,0.51386464,0.0007237984944991314
818,6908,180,39,16235.54,9307.311,0.52468264,0.0007237984944991314
819,6908,180,39,16235.54,9300.675,0.5265039,0.0007237984944991314
820,6908,180,39,16235.54,9081.128,0.5192125,0.0007237984944991314
821,6908,180,39,16235.54,9428.0625,0.5242865,0.0007237984944991314
822,6908,180,39,16235.54,9371.666,0.5254934,0.0007237984944991314
823,6908,180,39,16235.54,9646.723,0.5238422,0.0007237984944991314
824,6908,180,39,16235.54,9579.416,0.5203218,0.0007237984944991314
825,6908,180,39,16235.54,9122.733,0.5226011,0.0007237984944991314
826,6908,180,39,16235.54,9363.906,0.52844656,0.0007237984944991314
827,6908,180,39,16235.54,9388.546,0.5311194,0.0007237984944991314
828,6908,180,39,16235.54,9936.747,0.54276943,0.0007237984944991314
829,6908,180,39,16235.54,10420.413,0.5615012,0.0007237984944991314
830,6908,180,39,16235.54,10264.142,0.5560907,0.0007237984944991314
831,6908,180,39,16235.54,10520.864,0.561936,0.0007237984944991314
832,6908,180,39,16235.54,10744.939,0.564293,0.0007237984944991314
833,6908,180,39,16235.54,10046.043,0.5493867,0.0007237984944991314
834,6908,180,39,16235.54,10451.716,0.555674,0.0007237984944991314
835,6908,180,39,16235.54,11157.63,0.561615,0.0007237984944991314
836,6908,180,39,16235.54,10708.146,0.55545795,0.0007237984944991314
837,6908,180,39,16235.54,10616.497,0.5548509,0.0007237984944991314
838,6908,180,39,16235.54,10326.552,0.55100167,0.0007237984944991314
839,6908,180,39,16235.54,10481.675,0.5584263,0.0007237984944991314
840,6908,180,39,16235.54,10144.634,0.556504,0.0007237984944991314
841,6908,180,39,16235.54,9906.042,0.5525951,0.0007237984944991314
842,6908,180,39,16235.54,9969.292,0.54842126,0.0007237984944991314
843,6908,180,39,16235.54,9756.031,0.5453628,0.0007237984944991314
844,6908,180,39,16235.54,9965.063,0.545378,0.0007237984944991314
845,6908,180,39,16235.54,10070.603,0.5503634,0.0007237984944991314
846,6908,180,39,16235.54,9617.057,0.54154575,0.0007237984944991314
847,6908,180,39,16235.54,9511.886,0.53801584,0.0007237984944991314
848,6908,180,39,16235.54,10728.546,0.5682235,0.0007237984944991314
849,6908,180,39,16235.54,10415.535,0.5644994,0.0007237984944991314
850,6908,180,39,16235.54,10040.773,0.55297077,0.0007237984944991314
851,6908,180,39,16235.54,10114.935,0.55619013,0.0007237984944991314
852,6908,180,39,16235.54,10358.587,0.5615824,0.0007237984944991314
853,6908,180,39,16235.54,9908.17,0.55103564,0.0007237984944991314
854,6908,180,39,16235.54,10282.93,0.5565963,0.0007237984944991314
855,6908,180,39,16235.54,10640.324,0.5607973,0.0007237984944991314
856,6908,180,39,16235.54,10339.706,0.5534792,0.0007237984944991314
857,6908,180,39,16235.54,10689.278,0.560616,0.0007237984944991314
858,6908,180,39,16235.54,10143.799,0.5543956,0.0007237984944991314
859,6908,180,39,16235.54,10716.559,0.56409836,0.0007237984944991314
860,6908,180,39,16235.54,10571.546,0.5661957,0.0007237984944991314
861,6908,180,39,16235.54,10234.0,0.55529344,0.0007237984944991314
862,6908,180,39,16235.54,10482.979,0.56066835,0.0007237984944991314
863,6908,180,39,16235.54,10177.666,0.55947477,0.0007237984944991314
864,6908,180,39,16235.54,10495.897,0.56485486,0.0007237984944991314
865,6908,180,39,16235.54,10265.206,0.56020606,0.0007237984944991314
866,6908,180,39,16235.54,10524.301,0.56314695,0.0007237984944991314
867,6908,180,39,16235.54,10920.407,0.5710792,0.0007237984944991314
868,6908,180,39,16235.54,11195.463,0.5767454,0.0007237984944991314
869,6908,180,39,16235.54,11622.982,0.58535457,0.0007237984944991314
870,6908,180,39,16235.54,11186.138,0.579528,0.0007237984944991314
871,6908,180,39,16235.54,11115.766,0.5789282,0.0007237984944991314
872,6908,180,39,16235.54,11082.492,0.5770304,0.0007237984944991314
873,6908,180,39,16235.54,11358.663,0.5837411,0.0007237984944991314
874,6908,180,39,16235.54,11806.218,0.59186274,0.0007237984944991314
875,6908,180,39,16235.54,11312.387,0.57882726,0.0007237984944991314
876,6908,180,39,16235.54,11821.601,0.5913676,0.0007237984944991314
877,6908,180,39,16235.54,11530.285,0.5834021,0.0007237984944991314
878,6908,180,39,16235.54,11865.778,0.60030663,0.0007237984944991314
879,6908,180,39,16235.54,11435.634,0.58890927,0.0007237984944991314
880,6908,180,39,16235.54,11476.575,0.5869248,0.0007237984944991314
881,6908,180,39,16235.54,11360.629,0.58438575,0.0007237984944991314
882,6908,180,39,16235.54,11349.646,0.5892083,0.0007237984944991314
883,6908,180,39,16235.54,11764.575,0.59295,0.0007237984944991314
884,6908,180,39,16235.54,11944.278,0.5912227,0.0007237984944991314
885,6908,180,39,16235.54,12112.432,0.6001935,0.0007237984944991314
886,6908,180,39,16235.54,12005.135,0.60034454,0.0007237984944991314
887,6908,180,39,16235.54,12355.706,0.60439175,0.0007237984944991314
888,6908,180,39,16235.54,12393.598,0.60416394,0.0007237984944991314
889,6908,180,39,16235.54,12569.37,0.60862815,0.0007237984944991314
890,6908,180,39,16235.54,12260.774,0.60365784,0.0007237984944991314
891,6908,180,39,16235.54,12285.169,0.602045,0.0007237984944991314
892,6908,180,39,16235.54,12592.623,0.60145,0.0007237984944991314
893,6908,180,39,16235.54,12330.444,0.60220504,0.0007237984944991314
894,6908,180,39,16235.54,12234.285,0.6025901,0.0007237984944991314
895,6908,180,39,16235.54,12739.983,0.6091569,0.0007237984944991314
896,6908,180,39,16235.54,12778.448,0.61142176,0.0007237984944991314
897,6908,180,39,16235.54,12889.486,0.61366445,0.0007237984944991314
898,6908,180,39,16235.54,12778.455,0.6101385,0.0007237984944991314
899,6908,180,39,16235.54,12896.886,0.619201,0.0007237984944991314
900,6908,180,39,16235.54,12833.632,0.61744666,0.0007237984944991314
901,6908,180,39,16235.54,13210.729,0.6256952,0.0007237984944991314
902,6908,180,39,16235.54,12559.111,0.6159212,0.0007237984944991314
903,6908,180,39,16235.54,13203.895,0.6268694,0.0007237984944991314
904,6908,180,39,16235.54,12631.948,0.6178983,0.0007237984944991314
905,6908,180,39,16235.54,12663.386,0.6181198,0.0007237984944991314
906,6908,180,39,16235.54,12802.11,0.62210184,0.0007237984944991314
907,6908,180,39,16235.54,12505.579,0.6169519,0.0007237984944991314
908,6908,180,39,16235.54,12793.068,0.62525094,0.0007237984944991314
909,6908,180,39,16235.54,12973.585,0.6241625,0.0007237984944991314
910,6908,180,39,16235.54,13092.747,0.62558496,0.0007237984944991314
911,6908,180,39,16235.54,13471.359,0.6339101,0.0007237984944991314
912,6908,180,39,16235.54,13583.629,0.6378152,0.0007237984944991314
913,6908,180,39,16235.54,12843.993,0.6279866,0.0007237984944991314
914,6908,180,39,16235.54,13245.165,0.6292948,0.0007237984944991314
915,6908,180,39,16235.54,13237.479,0.63762724,0.0007237984944991314
916,6908,180,39,16235.54,13602.191,0.6427811,0.0007237984944991314
917,6908,180,39,16235.54,13791.452,0.6499671,0.0007237984944991314
918,6908,180,39,16235.54,13932.894,0.65094286,0.0007237984944991314
919,6908,180,39,16235.54,14313.518,0.66506743,0.0007237984944991314
920,6908,180,39,16235.54,14649.601,0.66661674,0.0007237984944991314
921,6908,180,39,16235.54,14199.741,0.6575211,0.0007237984944991314
922,6908,180,39,16235.54,14394.465,0.6570571,0.0007237984944991314
923,6908,180,39,16235.54,14337.51,0.653138,0.0007237984944991314
924,6908,180,39,16235.54,14418.756,0.661295,0.0007237984944991314
925,6908,180,39,16235.54,14596.562,0.66231394,0.0007237984944991314
926,6908,180,39,16235.54,14092.165,0.65330404,0.0007237984944991314
927,6908,180,39,16235.54,13908.028,0.6559315,0.0007237984944991314
928,6908,180,39,16235.54,14326.564,0.66278285,0.0007237984944991314
929,6908,180,39,16235.54,14534.1455,0.67266756,0.0007237984944991314
930,6908,180,39,16235.54,14372.303,0.66907203,0.0007237984944991314
931,6908,180,39,16235.54,14971.335,0.6842017,0.0007237984944991314
932,6908,180,39,16235.54,14750.7705,0.6782919,0.0007237984944991314
933,6908,180,39,16235.54,14612.866,0.6852726,0.0007237984944991314
934,6908,180,39,16235.54,15056.093,0.68176097,0.0007237984944991314
935,6908,180,39,16235.54,15234.711,0.69251084,0.0007237984944991314
936,6908,180,39,16235.54,15266.651,0.6863176,0.0007237984944991314
937,6908,180,39,16235.54,15234.017,0.692176,0.0007237984944991314
938,6908,180,39,16235.54,15329.625,0.6950346,0.0007237984944991314
939,6908,180,39,16235.54,15838.388,0.71068424,0.0007237984944991314
940,6908,180,39,16235.54,16557.584,0.72027373,0.0007237984944991314
941,6908,180,39,16235.54,16347.294,0.71603155,0.0007237984944991314
942,6908,180,39,16235.54,16744.555,0.7298908,0.0007237984944991314
943,6908,180,39,16235.54,17213.086,0.73820204,0.0007237984944991314
944,6908,180,39,16235.54,17035.893,0.7423162,0.0007237984944991314
945,6908,180,39,16235.54,17472.377,0.7481338,0.0007237984944991314
946,6908,180,39,16235.54,17415.906,0.74444216,0.0007237984944991314
947,6908,180,39,16235.54,18246.615,0.75536823,0.0007237984944991314
948,6908,180,39,16235.54,18946.654,0.77194893,0.0007237984944991314
949,6908,180,39,16235.54,18611.29,0.7637023,0.0007237984944991314
950,6908,180,39,16235.54,18130.434,0.75095415,0.0007237984944991314
951,6908,180,39,16235.54,17728.592,0.7387416,0.0007237984944991314
952,6908,180,39,16235.54,17035.97,0.7256999,0.0007237984944991314
953,6908,180,39,16235.54,16262.588,0.706712,0.0007237984944991314
954,6908,180,39,16235.54,15770.3125,0.6965089,0.0007237984944991314
955,6908,180,39,16235.54,15061.678,0.67182237,0.0007237984944991314
956,6908,180,39,16235.54,13950.581,0.6502952,0.0007237984944991314
957,6908,180,39,16235.54,13068.528,0.63021183,0.0007237984944991314
958,6908,180,39,16235.54,12255.123,0.60739744,0.0007237984944991314
959,6908,180,39,16235.54,11161.039,0.5812004,0.0007237984944991314
960,6908,180,39,16235.54,10439.639,0.55764794,0.0007237984944991314
961,6908,180,39,16235.54,8771.548,0.514726,0.0007237984944991314
962,6908,180,39,16235.54,8140.5254,0.49449864,0.0007237984944991314
963,6908,180,39,16235.54,7017.324,0.4572186,0.0007237984944991314
964,6908,180,39,16235.54,5758.821,0.41561478,0.0007237984944991314
965,6908,180,39,16235.54,4847.271,0.37492433,0.0007237984944991314
966,6908,180,39,16235.54,3658.7087,0.3181456,0.0007237984944991314
967,6908,180,39,16235.54,2175.8596,0.23194386,0.0007237984944991314
