left,right,interaction,alpha,valid_r2,valid_corr
feature_36,feature_58,z_diff,-0.016711795192450817,0.0012282036124739992,-0.03628226446506936
feature_36,feature_47,z_diff,-0.014386808163206168,0.0011101269842290762,-0.0362890870740209
feature_04,feature_58,z_diff,-0.015722327352012108,0.0010895637286943982,-0.034070382954071575
feature_36,feature_49,z_diff,-0.014519261579800853,0.0009231795844779622,-0.03222335895168171
feature_07,feature_58,z_diff,-0.02390139058048363,0.0009089916659256181,-0.030357996868875164
feature_06,feature_58,z_diff,-0.021700796857316518,0.0008985563343246739,-0.030559829072527446
feature_04,feature_47,z_diff,-0.01123517080442366,0.0008302615718137618,-0.031524153655061074
feature_06,feature_47,z_diff,-0.016866221817258564,0.0007988780741822188,-0.028346288525677436
feature_06,feature_48,z_diff,-0.024578530047640736,0.0007848319598074971,-0.02835379792352906
feature_45,feature_58,z_diff,-0.025410898390524912,0.0007686699209901171,-0.027911889170190697
feature_36,feature_48,z_diff,-0.013438661346229022,0.0007497487563655758,-0.028116464533233368
feature_07,feature_47,z_diff,-0.016863914437104107,0.000746281424472639,-0.027616153907655004
feature_36,feature_39,z_product,-0.016198288092783793,0.0007341625454158063,-0.028810286524824678
feature_04,feature_49,z_diff,-0.010916351441104775,0.0006693191290706446,-0.027755153363568704
feature_49,feature_07,z_diff,0.020136455631542288,0.0006659412480481963,0.025845830784124228
feature_06,feature_49,z_diff,-0.018881078587658372,0.000664629057485211,-0.025989053845828013
feature_04,feature_48,z_diff,-0.011562577769356815,0.0006198790667879539,-0.025747363906558036
feature_45,feature_47,z_diff,-0.016611737241029274,0.0005728649856531209,-0.024709990850051145
feature_07,feature_72,sign_product,0.020526172255105488,0.0005547921128099542,0.023520490150864982
feature_06,feature_72,sign_product,0.02089307776929505,0.0005474892329083714,0.023368223192574353
feature_36,feature_72,z_diff,-0.008370987997835658,0.0005065182201733354,-0.02786956017371707
feature_36,feature_45,z_product,-0.011446212391661496,0.00045453670948891745,-0.022799074623803376
feature_01,feature_58,z_diff,-0.009092884612825324,0.0004402422336352574,-0.02262981063355457
feature_39,feature_58,z_diff,-0.010292956310017812,0.0004177461324745835,-0.022968492319722925
feature_36,feature_39,z_diff,-0.011955280424127974,0.00040861276496462207,-0.02031903020582052
feature_06,feature_72,z_diff,-0.011098596317961906,0.0003958872469134178,-0.020248828531020436
feature_04,feature_72,z_diff,-0.0069096955217514905,0.0003955958352265254,-0.025240492074786115
feature_06,feature_48,rank_diff,-0.05740740077287897,0.00038167589116588907,-0.019603689335893393
feature_07,feature_45,rank_product,-0.16756214913994869,0.00037915835160107214,-0.020130870053509883
feature_07,feature_48,z_diff,-0.01478107101661688,0.00035413980634757536,-0.01912938835982507
feature_36,feature_12,z_diff,-0.005942781245017739,0.0003465370127511136,-0.024854928819257795
feature_36,feature_58,rank_diff,-0.03778569252896802,0.0003445397321811816,-0.018681304561132983
feature_58,feature_12,z_product,0.005900188844236179,0.00033280899999699187,0.020609385721422135
feature_36,feature_72,rank_diff,-0.04266797575116366,0.00033201961629203414,-0.01815805676831737
feature_70,feature_58,z_diff,-0.010869373038773176,0.00033013299840367605,-0.018315863310763885
feature_04,feature_58,rank_diff,-0.03525480300525591,0.0003182868910928116,-0.018019061144804817
feature_36,feature_70,z_diff,-0.006189473402100614,0.0003149636739889772,-0.022490987057070724
feature_04,feature_72,rank_diff,-0.03974496426964526,0.000310690970935501,-0.01757352026710232
feature_04,feature_39,z_diff,-0.00974321811903475,0.00031010384861085427,-0.017762547635147945
feature_04,feature_45,z_product,-0.010594372802506023,0.00030877820138575096,-0.017915855541417416
feature_70,feature_58,z_product,0.004835525474042693,0.00030869556301649226,0.022562879304636144
feature_06,feature_58,rank_diff,-0.052684811578719494,0.0003076701788584657,-0.018536701371097006
feature_04,feature_39,z_product,-0.00743483288837259,0.0002992189582338156,-0.020946479647370814
feature_36,feature_47,rank_diff,-0.03322482650781844,0.0002957690048821515,-0.017577163173595867
feature_36,feature_12,rank_diff,-0.03796712215233299,0.0002944542561825747,-0.017103645097655423
feature_06,feature_12,z_diff,-0.008292344473824606,0.0002904915791511753,-0.01780250310123001
feature_04,feature_12,rank_diff,-0.03340865295792733,0.00025996326731803077,-0.016096688063674588
feature_07,feature_12,sign_product,0.01863453867567294,0.0002590380748844767,0.0166157637024567
feature_06,feature_47,rank_diff,-0.043279026854987745,0.0002590284947509014,-0.01656042482958502
feature_70,feature_47,z_product,0.005453938428412328,0.00025859530387595253,0.018365067298168475
feature_47,feature_12,z_product,0.006416216535085539,0.00025845054409645574,0.016869421813602486
feature_06,feature_72,rank_diff,-0.05441113569822104,0.00025834965840254576,-0.01757408917805239
feature_72,feature_58,z_product,0.0029931296775794463,0.0002572095836297361,0.024542859947300336
feature_06,feature_12,rank_diff,-0.048329448088540984,0.00024461658917973583,-0.01667248832006061
feature_01,feature_47,z_diff,-0.00450390942150183,0.0002418867740527908,-0.020302712347021846
feature_04,feature_12,z_diff,-0.004374993299957196,0.00024177767361144298,-0.021843875596251724
feature_07,feature_48,z_product,0.0018714450457687694,0.00024142398136339782,0.015790615587488826
feature_04,feature_47,rank_diff,-0.02629658611252759,0.00023842404666618577,-0.016003621362144643
feature_06,feature_70,z_diff,-0.008625910945645344,0.0002358333574453697,-0.015572796782909185
feature_39,feature_58,z_product,0.003496118218165079,0.00023238140802228635,0.02083543574352322
feature_36,feature_48,rank_diff,-0.027397828163935052,0.0002316309918808379,-0.01550759094030909
feature_36,feature_58,z_product,-0.003016002823911604,0.00022899504006235194,-0.025719857287436178
feature_06,feature_45,z_product,-0.010618415491972757,0.00022752677984771985,-0.015339176426423769
feature_49,feature_45,z_diff,0.011149310617735763,0.00022269549628106677,0.014999183340547412
feature_04,feature_70,z_diff,-0.004635212993365312,0.00022124359985331576,-0.019598688823263093
feature_58,feature_12,z_diff,0.009700141172276492,0.00022035143563803317,0.014865466307944527
feature_70,feature_47,z_diff,-0.006665933962384938,0.0002180913805148732,-0.015913173272668776
feature_36,feature_39,rank_diff,-0.042142149727616936,0.00021722942421353864,-0.014977279805722107
feature_07,feature_45,z_product,-0.011589279667311552,0.0002170705428874431,-0.01616372712090287
feature_06,feature_45,rank_product,-0.1177799730537572,0.00020844408615883214,-0.014692159336352647
feature_04,feature_45,rank_product,-0.1227516664788936,0.00020749422544252827,-0.014514629687425253
feature_36,feature_72,sign_product,0.007607762081814773,0.00020393148175734677,0.016187833940971338
feature_07,feature_72,z_diff,-0.007225218099479889,0.00020386332814725794,-0.014931614211230024
feature_01,feature_39,z_product,-0.0087530534587935,0.00020284470522569098,-0.015088661017268218
feature_47,feature_72,z_product,0.0031258638845529404,0.0002004977511652628,0.018208206576254774
feature_04,feature_48,rank_diff,-0.0220705190009149,0.0001991047845478766,-0.014845397964839637
feature_04,feature_39,rank_diff,-0.03597928718048485,0.00019665199823704071,-0.014101126237283197
feature_36,feature_45,rank_product,-0.10093471682292662,0.00019658856445514683,-0.01496478960245594
feature_36,feature_01,z_diff,-0.008984053591924897,0.00019463806785158244,-0.013868831872330619
feature_72,feature_58,z_diff,-0.00902344969997913,0.00019384180397319373,-0.013954832764080041
feature_36,feature_45,z_diff,-0.0044496866119732754,0.00019177248318180684,-0.017158071549413317
feature_07,feature_72,rank_product,0.21942124621480327,0.00018866193045685709,0.014841826426997664
feature_04,feature_01,z_diff,-0.009852721798197805,0.00018497371285886022,-0.01353367460063777
feature_07,feature_45,sign_product,-0.008707215036092683,0.00018358938695817173,-0.01455295631550865
feature_36,feature_70,rank_diff,-0.03740174793576449,0.00018070369827150046,-0.013704477862455322
feature_07,feature_39,z_product,-0.006057357561544591,0.00017760453821247246,-0.014037911879255526
feature_04,feature_01,rank_diff,-0.034409281699711136,0.00016979958615759294,-0.01297802446614086
feature_01,feature_39,rank_product,-0.09025265826873138,0.0001652528134401532,-0.014198057506397807
feature_04,feature_70,rank_diff,-0.033080107002695515,0.00015949383187308097,-0.012837761886464204
feature_07,feature_70,sign_product,0.015808045793671545,0.00015934083649260522,0.013290679059444721
feature_06,feature_45,rank_diff,-0.028852451182181472,0.00015277266333535433,-0.012383385725816818
feature_47,feature_12,z_diff,0.006065264512992802,0.00015223611789738634,0.012716984989393158
feature_36,feature_49,rank_diff,-0.03490715604952866,0.0001520853588262705,-0.01247763436945472
feature_36,feature_01,rank_diff,-0.03039272046326834,0.00014958673363785202,-0.012201013922517913
feature_49,feature_01,z_diff,0.0036254607632201477,0.0001450307838287701,0.015016512492970494
feature_36,feature_45,rank_diff,-0.017865310999845608,0.00013797110019098113,-0.012564142227115313
feature_04,feature_58,z_product,-0.00486090503521379,0.0001371508245024966,-0.012928972396172507
feature_01,feature_48,z_diff,-0.004127354496086067,0.0001370386387655742,-0.013233924601703048
feature_06,feature_12,sign_product,0.01918767818136063,0.00013467291652102809,0.013877736604820168
feature_47,feature_39,z_diff,0.002992978182100094,0.0001346571516611661,0.019464227958001165
feature_06,feature_45,z_diff,-0.006884097907297987,0.0001336647044613004,-0.011534066347642754
feature_36,feature_39,rank_product,-0.12470967593494722,0.00013101586847918956,-0.011734735433196754
feature_72,feature_48,sign_product,0.006771020801645266,0.00012870094766392892,0.012219995826396761
feature_04,feature_39,rank_product,-0.07694966532449618,0.00012835932192889477,-0.012566822589075875
feature_45,feature_48,z_diff,-0.009600929362108969,0.00012829987493401251,-0.011816516039620424
feature_04,feature_49,rank_diff,-0.02566305524091135,0.0001249166025583115,-0.01121941915410312
feature_06,feature_39,rank_diff,-0.054322509526735736,0.00012460003199921132,-0.014638176970825692
feature_04,feature_12,sign_product,0.007570734547878018,0.0001236225420018222,0.011538544905668522
feature_49,feature_70,z_diff,0.006401230882821311,0.00011766253465150811,0.010930093732725852
feature_04,feature_45,z_diff,-0.0028138803835892727,0.00011545588921801908,-0.014581749376269531
feature_47,feature_72,z_diff,0.004782110246810144,0.00011385486281390023,0.011521636906297168
feature_07,feature_58,rank_product,-0.13788438397113198,0.00011340645475788058,-0.012695762752498382
feature_07,feature_12,z_diff,-0.004065009189665498,0.00011332495843363599,-0.012116834881515008
feature_39,feature_12,z_product,-0.01194287866669589,0.00011296161763041379,-0.0113243998101441
feature_07,feature_47,rank_product,-0.1507495872266732,0.0001129590329154162,-0.01302206789330368
feature_47,feature_72,sign_product,0.006385299274059454,0.00011238086840992256,0.011416292724758035
feature_49,feature_58,rank_diff,-0.025670159320162922,0.00011118549985045245,-0.011195994832241443
feature_06,feature_39,z_diff,-0.01494217969817321,0.00011116703044089515,-0.01418872086461843
feature_06,feature_07,rank_diff,-0.018211041392792712,0.00011046934384784102,-0.011843854549349981
feature_06,feature_39,z_product,-0.011157659597168171,0.00010957939351585733,-0.013007144133062908
feature_04,feature_45,rank_diff,-0.013274747056105929,0.00010626844766203902,-0.011580335811081735
feature_49,feature_72,sign_product,0.0036125247328571554,0.00010562750886378147,0.014985550747185635
feature_04,feature_45,sign_product,-0.0065162317548466036,0.00010240116015791667,-0.010661308069990461
feature_06,feature_70,rank_diff,-0.0480493936459779,0.00009897103268774465,-0.013379009775793137
feature_49,feature_48,rank_product,0.05796528368537797,0.00009449667181316013,0.010550666023556395
feature_07,feature_70,z_diff,-0.0045267846891904415,0.0000911531216770678,-0.010070090752153945
feature_49,feature_58,z_diff,-0.015592651380701834,0.00009046497399878284,-0.0107943361763893
feature_49,feature_48,z_product,0.0004936718068847644,0.00008924617020422687,0.009898445339047051
feature_01,feature_48,rank_product,-0.04463915163707335,0.00008789820984544949,-0.011233450465008149
feature_70,feature_48,z_diff,-0.007102090968377231,0.00008780446431289057,-0.009396824099221572
feature_49,feature_12,sign_product,0.006487263788949294,0.00008612578909250601,0.009599247972236475
feature_70,feature_39,z_product,-0.00988113549857986,0.00008579862864654952,-0.010066341496566867
feature_06,feature_45,sign_product,-0.004617586686097395,0.00008425037077153252,-0.010776451894197939
feature_70,feature_72,z_diff,-0.008288335440753511,0.00008379448304562942,-0.010921464016017362
feature_47,feature_39,z_product,0.001530000555443371,0.00008347456364943273,0.01573967980736875
feature_06,feature_49,rank_diff,-0.04948456969039766,0.0000826450659050515,-0.012440869584904667
feature_06,feature_01,rank_diff,-0.03785376470650212,0.0000820201789090147,-0.011396920119796674
feature_06,feature_47,sign_product,-0.008556024113197455,0.00007996586851521936,-0.009082567799232893
feature_04,feature_72,z_product,-0.006088251051379745,0.00007777356211691178,-0.009470927755607742
feature_58,feature_12,sign_product,0.0051461388306194775,0.00007754789648195537,0.009754997440729695
feature_06,feature_72,rank_product,0.12618784747625622,0.00007709203332917358,0.009185995091770826
feature_58,feature_48,z_diff,0.005963453615322354,0.00007492715257328975,0.008709908768742362
feature_45,feature_72,sign_product,0.005802891549126168,0.00007098610768896396,0.008760002093079504
feature_04,feature_70,sign_product,0.0073153908181023755,0.00007041839540811168,0.008393164971057047
feature_45,feature_47,z_product,0.0027133129813711903,0.0000701024614129242,0.00968307484843164
feature_07,feature_47,sign_product,-0.010082565812880164,0.0000698079124029638,-0.009453192485166908
feature_49,feature_48,sign_product,0.004525136720575984,0.00006764294274486105,0.009252033384749503
feature_06,feature_70,sign_product,0.018288258181905635,0.00006638557976101911,0.011856781974682037
feature_72,feature_58,sign_product,0.0024994563768054702,0.0000662387968597411,0.0131691472302035
feature_49,feature_12,z_diff,0.006093671163899826,0.00006605210776833292,0.00819923864494422
feature_36,feature_12,sign_product,0.003555393473423285,0.00006598437755078734,0.010272890665871533
feature_04,feature_58,rank_product,-0.04891121187681025,0.00006587242742095434,-0.009110669706352482
feature_49,feature_70,sign_product,0.004765434469073453,0.00006348373219866588,0.008572197812966318
feature_49,feature_39,z_diff,0.0019834600446131546,0.00006297090983264919,0.014540805023321274
feature_36,feature_07,z_diff,-0.0021295942946573,0.000057365495587324844,-0.010128958575246491
feature_45,feature_72,z_diff,-0.0038103973918304696,0.00005621811981715297,-0.008041872708838993
feature_47,feature_48,z_product,0.0005914702428659716,0.000056020175036142206,0.009412458139589602
feature_39,feature_48,z_diff,-0.0021750697655754814,0.00005528954964295618,-0.01038228309564077
feature_47,feature_12,sign_product,0.008158581122804234,0.00005438391353096428,0.007758667752224983
feature_36,feature_45,sign_product,-0.0029072745841172087,0.00005230151054547161,-0.00970172612209597
feature_06,feature_58,rank_product,-0.1233068856200813,0.00005217754146802367,-0.008896579103342924
feature_36,feature_47,z_product,-0.0009159827980891744,0.000051843480723068325,-0.016226344238663114
feature_70,feature_39,rank_product,-0.10308780841655843,0.0000502120311712817,-0.008230069285735678
feature_36,feature_07,z_product,-0.0019531522250109657,0.00004907748897942099,-0.008578379639538797
feature_45,feature_58,rank_diff,-0.04480390957703673,0.00004874761635620395,-0.008853828718629213
feature_45,feature_58,z_product,0.0012951673481997603,0.000048408554907397594,0.01203639977831347
feature_39,feature_12,rank_product,-0.095341924260992,0.000047730136317758465,-0.007725375421810753
feature_70,feature_12,z_product,-0.0016103874412307314,0.00004704314316350544,-0.007349109788238951
feature_49,feature_72,z_diff,0.004577179866599206,0.000044331695243204905,0.00664783069814983
feature_70,feature_72,rank_diff,-0.016056607557457175,0.000043743303650423115,-0.007640729751555983
feature_49,feature_72,rank_diff,-0.01684560772675215,0.00004358983892793766,-0.006529064542685288
feature_07,feature_45,z_diff,-0.0030365015760979736,0.00004339433655708991,-0.006899236264347487
feature_04,feature_47,sign_product,-0.00216118711124391,0.000041904099556400176,-0.009976960696358676
feature_70,feature_72,abs_z_diff,-0.019445199043396928,0.0000407928051060491,-0.011014442837373266
feature_04,feature_39,sign_product,-0.0036360416867674723,0.000040496394082212284,-0.007219894900223567
feature_04,feature_58,sign_product,-0.0023490234616786454,0.00003969338901965713,-0.008958661149417037
feature_07,feature_58,sign_product,-0.009689145147843255,0.00003958382720292697,-0.007961216673278865
feature_01,feature_58,rank_diff,-0.010611181377952665,0.000039479746728687815,-0.0067921032715500445
feature_06,feature_12,z_product,0.0029366448067368964,0.00003943146890628135,0.007591605880558446
feature_06,feature_47,rank_product,-0.15223931859244338,0.000038711525323531504,-0.009786555915459072
feature_04,feature_47,rank_product,-0.019518209893069335,0.000038180746464555604,-0.010198168880556377
feature_39,feature_48,z_product,0.002989614836662355,0.00003749596008684186,0.0059602777435042225
feature_01,feature_48,sign_product,-0.0034735910946892476,0.00003683262671971832,-0.00669218997509766
feature_70,feature_58,sign_product,0.0031032366962536447,0.00003519307776367331,0.006736655457012971
feature_07,feature_39,z_diff,-0.013311455052922937,0.00003498121514999841,-0.010157880959353528
feature_48,feature_12,z_diff,0.0071604468067992455,0.000034226143874604986,0.006917694142734137
feature_36,feature_58,rank_product,-0.012172011733174377,0.00003411976845413278,-0.01470178993998897
feature_01,feature_72,rank_diff,-0.015202688998829388,0.0000327093577707771,-0.005810160683201048
feature_36,feature_39,sign_product,-0.004398489114566821,0.00003145078921196198,-0.005822574517558992
feature_49,feature_47,z_diff,-0.002438819166281453,0.00003132335747002557,-0.007548157446945897
feature_49,feature_12,rank_diff,-0.009840528549767429,0.000029743141602645018,-0.0054608038996350125
feature_45,feature_47,rank_diff,-0.026461137660636312,0.000029386850637469486,-0.006051392870236615
feature_01,feature_58,sign_product,-0.0038027477491384947,0.000028266765251028225,-0.005658260360410062
feature_36,feature_47,rank_product,-0.010086212217635388,0.000024926844576445006,-0.012812548210788028
feature_01,feature_39,z_diff,-0.002584613077117232,0.000024828299030943413,-0.005184228538168613
feature_72,feature_12,z_product,-0.0014851971081362722,0.00002470780404650874,-0.005386087776723972
feature_70,feature_12,rank_diff,-0.008181618196717342,0.000024660139221643895,-0.012896078830137577
feature_01,feature_12,rank_diff,-0.010068957493112147,0.00002434658227046249,-0.0050333655606072504
feature_72,feature_12,z_diff,0.008588679360305478,0.000023667577035202392,0.004871472717676289
feature_48,feature_12,rank_product,-0.0200710787078697,0.000023619456384738058,-0.00687522472599629
feature_06,feature_07,z_diff,-0.008879277565421555,0.000023027816643539367,-0.0066626230703772885
feature_49,feature_12,rank_product,-0.03551611357658101,0.000022496891726286883,-0.0049410601573243685
feature_36,feature_47,sign_product,-0.003332343997453175,0.00002239968155715033,-0.005072891332793214
feature_01,feature_45,sign_product,-0.003832902203472837,0.0000222274874371875,-0.004755012216825866
feature_04,feature_72,rank_product,-0.011064230073962154,0.000021824551797999803,-0.011084216808047996
feature_01,feature_72,z_product,-0.0027092726083620846,0.0000217776920405921,-0.005326974775127029
feature_45,feature_47,rank_product,0.03162892119314596,0.000021675787755692788,0.004675438320081636
feature_01,feature_39,sign_product,-0.0013625618633052498,0.000021664264676868328,-0.008118743057324346
feature_06,feature_58,sign_product,-0.005633285792874047,0.00002110710707914354,-0.004943835919209972
feature_49,feature_70,rank_product,-0.027422504893057743,0.0000210877873931814,-0.005380577582810906
feature_06,feature_58,z_product,-0.007804486857895373,0.00002070391958453044,-0.010833819348219607
feature_07,feature_72,z_product,0.002365137547701921,0.00002018310873397322,0.004508013864695169
feature_45,feature_12,z_diff,-0.0015116961103713163,0.000019838912513892026,-0.005832848248575082
feature_72,feature_48,z_diff,-0.005395407952542516,0.00001917297438391863,-0.00509389272929653
feature_04,feature_07,z_diff,-0.0007188699848901678,0.000018501516940272467,-0.00953143355734172
feature_04,feature_47,z_product,-0.00035417304119239867,0.000017829838813931964,-0.014884829229871914
feature_36,feature_06,z_product,0.0019161093167549869,0.00001727004647666952,0.004150794301831968
feature_07,feature_48,sign_product,0.0011067817607032441,0.00001663780007543636,0.007142638312623984
feature_01,feature_72,rank_product,-0.014212872391568255,0.00001646797388654697,-0.0070576130785841825
feature_49,feature_47,rank_diff,-0.0036391826764101682,0.000016177154565477636,-0.007887129858316858
feature_70,feature_45,sign_product,0.002712736952066683,0.000015727948728283536,0.004010932502067054
feature_45,feature_39,z_product,0.0008920259804325454,0.00001518142362688657,0.006900610201913794
feature_70,feature_12,abs_z_diff,-0.03518790458899477,0.000014950496729837504,-0.009241682504632935
feature_49,feature_45,z_product,0.0013605212154586318,0.000014777672708854439,0.003801131115269306
feature_72,feature_39,rank_diff,0.006352274312863369,0.000014631922798380437,0.004426217995503429
feature_36,feature_04,sign_product,-0.0030429073274999404,0.000014622922640539215,-0.004021878499626662
feature_36,feature_58,sign_product,-0.002732232919621627,0.000014599057356790013,-0.004001472315797445
feature_70,feature_72,z_product,-0.0013447633714997564,0.000014199939637915548,-0.004085276526086322
feature_01,feature_58,rank_product,-0.07483493079923417,0.00001415730518494751,-0.005170942054380336
feature_47,feature_12,rank_product,0.02119791318605149,0.000013429472714765467,0.004547399891362675
feature_36,feature_70,sign_product,0.0016555857893270952,0.000013425590821847244,0.004538482054372993
feature_45,feature_12,sign_product,0.004052089781823328,0.00001329671433769608,0.0037904057082696024
feature_06,feature_70,z_product,0.0021491519023882654,0.000011791153201823334,0.0035582509190917474
feature_49,feature_39,rank_diff,-0.022581800767886465,0.000011432862434324065,-0.00417639016170915
feature_04,feature_07,z_product,-0.00019040577404257243,0.000011232411692763122,-0.01398590924391423
feature_70,feature_45,z_diff,0.0019580039408955874,0.000011017927493361945,0.003515062851150018
feature_04,feature_49,sign_product,-0.0031571699197211465,0.00001096130290567654,-0.003540067623091549
feature_39,feature_48,rank_product,0.014312803300241308,8.901230962310436e-6,0.0034013058459092397
feature_45,feature_48,rank_diff,-0.008266713226753828,8.871543476618449e-6,-0.003101991341774478
feature_45,feature_39,rank_product,0.01047153961784186,8.322751384182148e-6,0.004348183335827265
feature_48,feature_12,sign_product,0.006759659202327902,6.063649717336084e-6,0.004184220000303038
feature_47,feature_48,z_diff,0.00031407163415901455,6.059558986248881e-6,0.0066470299773319155
feature_36,feature_07,rank_product,-0.014670967372576924,5.8542835722485975e-6,-0.0029706143527591686
feature_01,feature_12,sign_product,0.000695018863495884,5.773374741169235e-6,0.0040759878568619725
feature_47,feature_58,rank_diff,-0.09522901758685144,5.599003781497913e-6,-0.006550528571748201
feature_01,feature_47,rank_diff,-0.0014207193159871474,5.314172366488457e-6,-0.004771789976488517
feature_36,feature_48,rank_product,-0.003669490541805727,5.073344392259038e-6,-0.006876007516568579
feature_70,feature_47,rank_product,0.00956159020968027,4.979301404084424e-6,0.0031288323099670006
feature_04,feature_01,z_product,0.000860103165433362,4.481673756551174e-6,0.0018921632995490747
feature_72,feature_48,z_product,0.0001427824219332657,4.212229576583404e-6,0.007122393461407529
feature_70,feature_48,z_product,0.0008855808478127344,3.963465108225428e-6,0.0020582443585618285
feature_06,feature_39,sign_product,-0.003118004587925924,3.930977080845999e-6,-0.0024334841952443876
feature_36,feature_01,sign_product,0.0013280056804817345,3.0992066916146754e-6,0.0016821943196657755
feature_36,feature_04,z_diff,-0.0015173725778980858,2.3289215683730546e-6,-0.001641821939162738
feature_45,feature_58,rank_product,0.010621869875831956,1.956036301375974e-6,0.0006864198836806601
feature_70,feature_58,rank_diff,-0.00042555740979254475,1.8850062525332945e-6,-0.005166675819862266
feature_01,feature_70,sign_product,0.0008229835419368276,1.760219004887098e-6,0.001354978295911055
feature_49,feature_47,sign_product,-0.0019097159925922991,1.4044259024625916e-6,-0.0023581993026008177
feature_72,feature_48,rank_product,0.0015155539066756753,1.2206978217133013e-6,0.004072327615707789
feature_70,feature_39,rank_diff,-0.001142501148568445,4.659379968519062e-7,-0.0007579564815663496
feature_49,feature_01,rank_product,-0.04121686305534747,2.345228724554005e-7,-0.0024418218262758674
feature_49,feature_01,rank_diff,-0.00016352841753423155,1.1983376524415945e-7,-0.0006888185980081099
feature_04,feature_48,sign_product,-0.000018704947271936322,7.588237793676456e-8,-0.0019714421756518636
feature_49,feature_70,rank_diff,-0.010068485905349079,7.15624070002363e-8,-0.002204519380044733
feature_58,feature_12,rank_product,-0.003600950662287256,-5.120946822145811e-8,0.0000921870174272263
feature_01,feature_45,rank_product,-0.08312110953930865,-5.4581203556836044e-8,-0.004284686994582402
feature_39,feature_12,rank_diff,0.00007610438602669054,-1.9640151194266764e-7,-0.0033306198666729014
feature_45,feature_47,sign_product,0.00005355707138089477,-3.546932256792701e-7,-0.00397915424464661
feature_58,feature_12,rank_diff,-0.00029662145503593016,-4.299286378017797e-7,0.001542419304805436
feature_04,feature_01,rank_product,0.022302848428816014,-4.4832666490357553e-7,0.0007726235560014007
feature_49,feature_47,rank_product,-0.0006374537893913565,-4.908653232771343e-7,0.0027513512005494407
feature_70,feature_58,rank_product,-0.015511392717231112,-7.351218842543972e-7,-0.0005542144009022777
feature_06,feature_39,rank_product,-0.0824029654610176,-9.831880931621129e-7,-0.0043786699862551435
feature_39,feature_12,sign_product,-0.004646602324373463,-1.0611510066205199e-6,-0.0026923506533798767
feature_36,feature_06,rank_product,-0.008860400829315253,-1.3592524599204125e-6,0.00017280015443433912
feature_47,feature_48,rank_diff,0.005699228207855117,-1.6800404696315496e-6,0.0009969692661587445
feature_36,feature_04,rank_diff,-0.004064944963215068,-1.744225151423251e-6,-0.00037095188617739916
feature_01,feature_39,rank_diff,-0.010577006768649264,-1.9877828751901916e-6,-0.0021844641032447115
feature_01,feature_47,sign_product,-0.002913518011067392,-2.1764163282700366e-6,-0.0014955746866643655
feature_04,feature_06,sign_product,0.0001480313370749875,-2.5503991385456004e-6,-0.007943392409078692
feature_49,feature_58,sign_product,-0.0024164538255910624,-2.5586196730209565e-6,-0.0018253293311684576
feature_39,feature_58,rank_diff,0.0006786901588119802,-2.7361018584137753e-6,-0.005855209173593832
feature_72,feature_12,rank_diff,0.012074101935931381,-2.9581533629308154e-6,0.0009168412067855309
feature_36,feature_49,sign_product,-0.0015297250977090013,-3.0630438068168786e-6,-0.00026202903309825834
feature_48,feature_12,z_product,-0.00038319634161542294,-3.7695249537339492e-6,0.002718683661517189
feature_07,feature_47,rank_diff,-0.04643134117437178,-3.7747067875848472e-6,-0.00897298310687353
feature_36,feature_06,sign_product,-0.0012934658469517552,-4.631009365541061e-6,0.0007895874284995589
feature_36,feature_07,sign_product,-0.0006208471501740609,-4.714147106232858e-6,0.00288229623508368
feature_01,feature_70,rank_diff,-0.009629780503686621,-5.342375223316154e-6,-0.001549176109090573
feature_45,feature_12,rank_diff,-0.021414608605075536,-5.8245233500731075e-6,-0.004470915500766457
feature_45,feature_58,sign_product,0.0005373384427269951,-6.014231065165632e-6,-0.005904349735432633
feature_07,feature_48,rank_diff,-0.03526811084800929,-6.9398497992700925e-6,-0.007203855910647025
feature_04,feature_45,abs_z_diff,-0.00019566413618387797,-7.229645868411794e-6,0.015576502100956128
feature_04,feature_48,rank_product,-0.019414543430244603,-7.544262820236014e-6,0.00041775941243395073
feature_04,feature_70,rank_product,-0.07227211572545071,-7.7255757500172e-6,-0.0029190545195546835
feature_70,feature_47,sign_product,0.006202986821504527,-7.732071211075109e-6,0.002902503615269062
feature_58,feature_48,rank_diff,0.015768711897608315,-8.084066408953205e-6,0.002972484318620931
feature_36,feature_45,abs_z_diff,-0.00017039862466544122,-8.284936535929432e-6,0.022634522461269214
feature_72,feature_58,rank_diff,0.004690677401439794,-8.544358826245713e-6,-0.0011860802399381758
feature_49,feature_48,z_diff,-0.0013882616631697583,-8.919815237984352e-6,0.0019973089155077943
feature_36,feature_07,rank_diff,0.0011559936287940439,-9.574733366157773e-6,-0.009315924587567734
feature_07,feature_58,rank_diff,-0.06074399162931351,-0.0000100934534053021,-0.011422328424503322
feature_58,feature_48,z_product,-0.00021630688889943484,-0.000010278223666393416,0.005968778893359352
feature_49,feature_01,sign_product,0.0011571808214616206,-0.00001105647823496092,-0.003741785448999254
feature_47,feature_12,rank_diff,-0.007698782378999247,-0.000011129949409216522,-0.00027680573567864027
feature_36,feature_04,rank_product,0.01113746442538677,-0.000011264876248251454,-0.004440176040846991
feature_06,feature_48,sign_product,-0.0008013917712481203,-0.000011545544807756158,0.005759327921781303
feature_07,feature_48,rank_product,-0.01006764118320372,-0.000011723380811012873,0.004075726902179667
feature_04,feature_48,abs_z_diff,-0.0004981310049250486,-0.000012873325596407525,0.008814271621276777
feature_01,feature_48,rank_diff,0.0032978909780530647,-0.000013144379846119492,-0.0033844807832465276
feature_45,feature_72,rank_diff,-0.025047111954889786,-0.000013475615351365988,-0.004968998967744206
feature_36,feature_49,rank_product,0.015205290756142858,-0.00001387531761531946,-0.003998172886299145
feature_49,feature_12,z_product,-0.0002774595997702039,-0.000014918552112996863,0.015618950953732062
feature_45,feature_12,rank_product,-0.02202521819116087,-0.00001598885690379248,0.0029825487472914278
feature_49,feature_45,sign_product,0.0020917985506830753,-0.000016040881336554236,-0.0026027968820119146
feature_36,feature_04,z_product,0.0027422916583548233,-0.000016143267264734362,0.0001927246463722747
feature_36,feature_48,sign_product,0.0015585982246328213,-0.000017373035233081424,-0.004251438038181475
feature_07,feature_45,abs_z_diff,-0.0003912625345487534,-0.000017663737599260543,0.01926460032892038
feature_49,feature_45,rank_product,0.043059706865421286,-0.00001785764590844785,-0.0001144755454768426
feature_04,feature_06,rank_product,0.02256675060205528,-0.000017980084654034556,-0.002575749328627835
feature_07,feature_45,rank_diff,-0.02198079714399828,-0.00001825597955051883,-0.0037389146794010123
feature_01,feature_72,z_diff,0.0005689477450184329,-0.000018423195221828337,-0.011490025657128825
feature_72,feature_12,abs_z_diff,-0.020493121549070886,-0.000018468895129464258,-0.008446857216284019
feature_01,feature_47,rank_product,-0.06563587326969181,-0.000018928844523369293,-0.0025613186965411875
feature_01,feature_48,z_product,0.0005085684816722167,-0.00001904563319010677,-0.009962499236174177
feature_07,feature_70,z_product,0.006583516674534457,-0.00001979293188014708,0.0028712118905774606
feature_07,feature_39,rank_product,-0.08296926342537346,-0.000019963814868129148,-0.0038870632672985167
feature_45,feature_72,rank_product,-0.042999651802602956,-0.000020244959727744316,0.0007490892971273585
feature_70,feature_48,sign_product,0.006688497294448099,-0.00002031647387812363,0.002375950152093215
feature_04,feature_49,z_product,0.001154549989616438,-0.00002105788672079889,-0.0036974944069568666
feature_01,feature_48,abs_z_diff,-0.0004310542019015097,-0.000021483535953104038,0.0180782022547401
feature_04,feature_01,sign_product,0.004169831410770344,-0.000021946800790928478,-0.00037782105433171743
feature_36,feature_06,rank_diff,0.010938189644244454,-0.000022419031356690766,0.0002996173681135079
feature_58,feature_48,rank_product,0.050716942758880966,-0.000022508428751510934,0.0007430605864245037
feature_48,feature_12,rank_diff,-0.013189775499573609,-0.000022885512638293193,-0.0012214556157057784
feature_07,feature_01,z_product,0.0004818815502165598,-0.000022968563788694496,-0.011680889396348903
feature_06,feature_07,abs_z_diff,-0.001299458920475853,-0.000023598983964534526,0.006928603186149391
feature_47,feature_72,rank_diff,-0.01324514861824173,-0.00002417719227043591,-0.0007979372476871042
feature_45,feature_39,sign_product,-0.002552400137639142,-0.000025689816106400087,0.0028799772039736203
feature_47,feature_72,rank_product,-0.021839010697204737,-0.000025906389813812325,0.00504827209693471
feature_70,feature_45,rank_product,-0.03380918717498764,-0.000026548562455763758,0.0025771994636129883
feature_06,feature_01,sign_product,0.0009468760944150848,-0.00002670621410305607,-0.012053083284210318
feature_70,feature_12,z_diff,0.003615245335961723,-0.000026820828530560448,-0.0115165552519187
feature_04,feature_72,sign_product,0.011346564554661279,-0.000026959704751305935,0.005234663068446533
feature_01,feature_45,rank_diff,0.010279045315805327,-0.000027060813247548055,-0.00048399304442359116
feature_04,feature_07,rank_product,0.024250347945547018,-0.00002781221115677468,-0.00436526708499784
feature_04,feature_48,z_product,0.001157080636580636,-0.00002797146292543573,-0.004995826137484774
feature_36,feature_01,rank_product,0.029315431790922747,-0.000029028165552835716,-0.0033347638534412713
feature_49,feature_58,rank_product,-0.03131450348268783,-0.000029316689232894433,0.0014396379896454748
feature_04,feature_12,rank_product,-0.07257638502702002,-0.00002970847966921042,-0.0013216920732519778
feature_49,feature_48,rank_diff,0.006347413880178908,-0.000030150600301093178,-0.005582880336314794
feature_39,feature_48,sign_product,-0.0031323758221788733,-0.00003109641883614067,0.0024413597588732357
feature_04,feature_49,rank_product,-0.03660145595315126,-0.00003166588172764939,0.00162393893797814
feature_70,feature_48,rank_product,0.01604819990354427,-0.00003234875814284166,-0.009285985893952268
feature_70,feature_47,rank_diff,0.008279817304603851,-0.00003683599776183044,-0.0031547587179993914
feature_36,feature_39,abs_z_diff,-0.000863792823726906,-0.000038563611604258696,0.0211183636125676
feature_07,feature_39,sign_product,-0.002245570969695237,-0.00003943570170439337,0.006368619573508248
feature_49,feature_72,rank_product,-0.038824543494930905,-0.00003977476149885639,0.0032150736352111677
feature_72,feature_48,rank_diff,0.018627989377165758,-0.00004046073341079648,0.001761194557056584
feature_04,feature_06,rank_diff,0.016351898415451753,-0.000040916919805900065,0.000687729742470401
feature_47,feature_39,sign_product,-0.00225053994559315,-0.00004247406820701016,0.006973896952633537
feature_72,feature_39,z_product,-0.01057353136013865,-0.00004313074576178799,-0.004115185534600166
feature_01,feature_70,rank_product,-0.06764609487539608,-0.000043215820018316364,-0.00012510143723902845
feature_07,feature_12,rank_diff,-0.038927077503348874,-0.0000438449910036276,-0.007787898782930751
feature_07,feature_12,z_product,0.0101957141297614,-0.00004595230404991213,0.004059821835681987
feature_70,feature_72,rank_product,-0.09329484817013155,-0.000049034876342668454,-0.0036519964731447567
feature_36,feature_06,z_diff,0.0022482950829471526,-0.00004920219725312869,-0.004631744404755836
feature_06,feature_01,z_diff,-0.010495861985073752,-0.00004984555892972864,-0.00804027676832728
feature_01,feature_12,z_product,-0.003625630030043734,-0.000051329607806849253,0.005124109693353161
feature_49,feature_07,sign_product,-0.00857645413095909,-0.000051627350893035384,-0.0030781141913594273
feature_49,feature_45,rank_diff,0.015013303942535446,-0.00005209132598205102,-0.001374426680492646
feature_01,feature_45,z_product,-0.007340067587825699,-0.00005323599013573599,-0.002215842394046235
feature_36,feature_48,abs_z_diff,-0.0011421207680403149,-0.00005345737338258161,0.01743832142006287
feature_06,feature_07,sign_product,-0.0060481302490458955,-0.00005402766610518306,-6.579250145860181e-6
feature_58,feature_48,sign_product,0.0035550807213513714,-0.00005433399570775599,-0.00505326015846948
feature_04,feature_07,sign_product,0.004011004493683562,-0.0000556221924943312,-0.004600153454729797
feature_72,feature_39,rank_product,-0.11392042554400811,-0.00005594689712906664,-0.003300977843832101
feature_47,feature_39,rank_product,-0.03137795308142087,-0.000056184435301309676,0.0069784398503821
feature_01,feature_45,abs_z_diff,-0.001527445572810376,-0.000056979346373831063,0.013870855936766084
feature_36,feature_01,z_product,0.003166491507143038,-0.00005702533919360597,-0.003332656351801655
feature_07,feature_01,sign_product,0.005185453263219434,-0.000057628954238886365,-0.002227786018018668
feature_01,feature_72,sign_product,0.006532052580852017,-0.00005793547913324204,-0.00037143937770409586
feature_04,feature_07,rank_diff,0.00671470808718791,-0.00005821989820797846,-0.010278979390792139
feature_01,feature_70,z_diff,0.0025168194776396635,-0.000059057520532812546,-0.006546592538975244
feature_39,feature_58,rank_product,-0.03072509164297689,-0.000059172557179909546,0.007566641782572287
feature_47,feature_39,rank_diff,-0.014710002445320761,-0.00005990093504304461,0.00321106307826803
feature_70,feature_48,rank_diff,0.012789658170511486,-0.00006062335729639656,-0.0020948353939902083
feature_04,feature_06,z_product,-0.0024282009201167854,-0.00006502089246063214,0.0040160614162069175
feature_06,feature_48,rank_product,-0.0385666098910561,-0.000065201045348795,0.004346701111238161
feature_07,feature_01,z_diff,-0.0074994350237914,-0.00006527295262315214,-0.003588055656640629
feature_70,feature_45,z_product,-0.006445988377854483,-0.00006556912549626759,0.002420437854372483
feature_49,feature_07,abs_z_diff,-0.00603766581954338,-0.00006587687415615662,-0.00038571508469859613
feature_70,feature_39,sign_product,-0.007647410622197745,-0.00006629462236151795,-0.0006675114125500649
feature_01,feature_12,rank_product,-0.06678043250881961,-0.00006763057637848569,0.0019300682009719817
feature_06,feature_72,z_product,-0.0034802211581474534,-0.00006850291879145765,0.005301918684481788
feature_01,feature_70,z_product,-0.005045998089824261,-0.00006901988535057413,0.004136849186742883
feature_72,feature_39,sign_product,-0.0035810673867695043,-0.00006932640488677144,0.006423434761874294
feature_49,feature_39,rank_product,-0.06780226443101088,-0.00006938205398943076,0.0003401725889432714
feature_72,feature_58,rank_product,-0.057713207806547706,-0.00007142075861077402,0.0036197757086458885
feature_07,feature_48,abs_z_diff,-0.003991260216994655,-0.00007373670388588494,0.0025165043587216875
feature_01,feature_45,z_diff,0.003757183725253758,-0.0000747032712125062,-0.002848554029876765
feature_70,feature_45,rank_diff,0.02349348866789727,-0.00007602704957432316,0.001063120784013244
feature_47,feature_58,sign_product,-0.006608439583707353,-0.0000762334816306609,0.00011986460581777671
feature_72,feature_12,sign_product,-0.0054938569619524865,-0.00007674822028791439,0.00271249253889044
feature_39,feature_48,rank_diff,0.017543260891418937,-0.00007710499943747173,-0.0016891740184988761
feature_06,feature_48,abs_z_diff,-0.005047004082661346,-0.00008073433625988002,0.002090146102801386
feature_72,feature_12,rank_product,-0.09213503554658625,-0.00008168210058823178,-0.0011798724154798836
feature_01,feature_12,z_diff,0.0027057559719377068,-0.00008420501003536529,-0.008863255163680783
feature_07,feature_72,rank_diff,-0.050425074017603266,-0.00008465098531584836,-0.008900114203920322
feature_04,feature_06,z_diff,0.004073984046434259,-0.0000849912059692759,-0.003260075160612599
feature_45,feature_48,sign_product,0.004742918296445428,-0.00008533555450607189,-0.00545039474275146
feature_70,feature_39,z_diff,-0.007240242143430398,-0.00008566725918957019,0.0010907482058819277
feature_45,feature_12,z_product,-0.007092123828683765,-0.00008595468703065379,0.0036460863276088847
feature_49,feature_01,z_product,-0.002132197992480481,-0.0000862590875663205,0.009062587584892407
feature_49,feature_39,z_product,-0.002002128964470372,-0.00008727081108883539,0.007730309021334658
feature_45,feature_39,rank_diff,-0.02931803077754811,-0.00008739188451190039,-0.0018657563466502093
feature_49,feature_70,z_product,-0.0014710127778074396,-0.0000877527603222461,0.01671577986019815
feature_45,feature_48,z_product,0.007991983655547862,-0.0000879243316542766,0.005338519645071286
feature_06,feature_12,rank_product,0.08432586329201247,-0.00008989318997110196,-0.0014295789021920222
feature_45,feature_39,z_diff,-0.009660550019951872,-0.00009176893847473444,-0.0025804613589877324
feature_04,feature_49,abs_z_diff,-0.0028978120907842296,-0.00009209109275665206,0.008911377212438544
feature_39,feature_58,sign_product,-0.0037639021563422768,-0.00009392729737278671,0.008928524547588369
feature_04,feature_39,abs_z_diff,-0.002661775239934388,-0.0000956044327724559,0.01333880185442671
feature_06,feature_70,rank_product,0.0739872135707121,-0.00009564918470283956,-0.0030776660915131995
feature_72,feature_39,z_diff,-0.004564657173520425,-0.0000963833520577495,0.006894801744270103
feature_49,feature_58,z_product,-0.0026658293835441125,-0.00009714268044880292,-0.0017292152618752852
feature_49,feature_39,sign_product,-0.0061681578920593965,-0.0000972398720455736,0.0031796897536268674
feature_47,feature_48,rank_product,0.06412550804641662,-0.0000989188474855851,-0.003194886158361014
feature_06,feature_49,sign_product,-0.004792971489445836,-0.00009961802299485178,0.006394529761566515
feature_36,feature_72,rank_product,-0.07140358034299472,-0.00010670143448621161,0.004872344498705062
feature_06,feature_48,z_product,-0.0012212556000387614,-0.00010703593348782015,0.00845488571964207
feature_49,feature_48,abs_z_diff,-0.006300056152047228,-0.00010843352321643351,0.003559758333790492
feature_49,feature_07,rank_product,-0.07176595415768593,-0.00011380432971797028,0.001972554550983162
feature_39,feature_48,abs_z_diff,-0.005088570985892361,-0.00011607667424806678,0.004185880040411817
feature_04,feature_12,z_product,-0.007817757265700638,-0.00011812585974579903,0.004691064817230053
feature_06,feature_45,abs_z_diff,-0.002764457313871389,-0.00011897975641939063,0.013987843279874151
feature_07,feature_47,abs_z_diff,-0.0036404813517331895,-0.00011993647714891864,0.010665797292706142
feature_07,feature_01,rank_product,0.05881989194454809,-0.00012028560407872924,-0.006165894979997458
feature_47,feature_48,sign_product,0.005422539592825293,-0.0001220975047622197,-0.007275257910852649
feature_70,feature_12,sign_product,-0.0075390600005991685,-0.00012386994779056693,0.0032518945048234413
feature_49,feature_01,abs_z_diff,-0.0029370222042030634,-0.00012519454017545506,0.012622227122022031
feature_36,feature_12,z_product,-0.009567138409436625,-0.00012587134654329368,0.0019662461338050175
feature_07,feature_01,rank_diff,-0.03330120788728326,-0.000125917631978556,-0.003111743889053821
feature_45,feature_39,abs_z_diff,-0.008205150181135398,-0.00012624726320198398,-0.0012815125619666083
feature_36,feature_70,abs_z_diff,-0.00598801614284075,-0.00012753134918574993,0.003225215366810109
feature_47,feature_58,rank_product,-0.06338440003924292,-0.0001309809432614717,0.004216924930497946
feature_01,feature_47,abs_z_diff,-0.003516283564873532,-0.00013106198807077973,0.010360751647378742
feature_06,feature_49,abs_z_diff,-0.00554845859418281,-0.00013410570986871484,0.0033110908932462843
feature_70,feature_72,sign_product,-0.0064276320460014795,-0.00013483296203586903,0.0060281944167849474
feature_49,feature_72,z_product,-0.0014890273868405307,-0.00013564141793342976,0.017620994687969144
feature_04,feature_70,z_product,-0.008481907665617988,-0.00013570334550672136,0.00471819290258538
feature_36,feature_48,z_product,0.003758392698488335,-0.00013780703520538395,-0.004332136645871788
feature_39,feature_12,z_diff,0.007088342137142396,-0.00013852264272062875,-0.003990987385743153
feature_06,feature_07,z_product,-0.002318160851236047,-0.00014440541637439352,-0.0010106174056800034
feature_70,feature_12,rank_product,-0.09680261663298881,-0.0001445764800926952,0.00044613194367219155
feature_06,feature_07,rank_product,-0.10668478877009915,-0.00014672570415585895,-0.0016741402220363224
feature_36,feature_04,abs_z_diff,-0.003812234191067562,-0.0001470763737367875,0.012926800094231892
feature_06,feature_49,rank_product,-0.07446386399184166,-0.00014759809855968697,0.004186399308922872
feature_06,feature_47,z_product,-0.007389364265317287,-0.00014775154941060187,-0.0073639076531341625
feature_49,feature_07,z_product,-0.0008203441757099336,-0.00014793156037073985,0.011114156509102344
feature_07,feature_12,rank_product,0.15898167137095512,-0.00015112334642508607,0.0026052622762594195
feature_01,feature_39,abs_z_diff,-0.003161668568658419,-0.0001516583605678523,0.01911046703577081
feature_04,feature_06,abs_z_diff,-0.006928152883305428,-0.00015398220297746512,0.00025581858234330633
feature_36,feature_06,abs_z_diff,-0.004922355670325186,-0.0001579353970617703,0.00616154213836467
feature_36,feature_72,abs_z_diff,-0.006959363751577899,-0.00015944417730429095,0.003569173322637885
feature_36,feature_72,z_product,-0.008288805646007754,-0.0001595297119696415,0.00391265614833034
feature_36,feature_49,z_product,0.004187904748503991,-0.0001600668334835742,-0.004372833647186928
feature_06,feature_47,abs_z_diff,-0.004340308118956574,-0.00016222126996390251,0.008530108721948333
feature_36,feature_07,abs_z_diff,-0.0035066338207241734,-0.00016521659239376874,0.015574425194169256
feature_01,feature_47,z_product,-0.0033306771281486555,-0.00016928542736072139,0.011196911219569313
feature_36,feature_12,abs_z_diff,-0.006780912912318009,-0.0001698854340390632,0.004275295525561558
feature_07,feature_70,rank_diff,-0.040667581811621084,-0.0001714649328754536,-0.004541712671441235
feature_47,feature_39,abs_z_diff,-0.009783079496101667,-0.00017441925701766614,-0.0009937400261917943
feature_72,feature_39,abs_z_diff,-0.011622178798553652,-0.0001772160941402312,-0.0016421572169046852
feature_47,feature_48,abs_z_diff,-0.006159447731794602,-0.00017986353610455197,0.005028792299935939
feature_39,feature_58,abs_z_diff,-0.012460329638986637,-0.00018061299830551825,-0.00433818429027419
feature_07,feature_70,rank_product,0.1394759027961551,-0.0001811548929544493,-0.00016364817936627912
feature_45,feature_72,abs_z_diff,-0.009243129819555527,-0.00018116869334261487,-0.0009500137146844716
feature_49,feature_72,abs_z_diff,-0.008613522732218066,-0.00018357632125876044,0.00008861603268520278
feature_45,feature_48,abs_z_diff,-0.005180099924504311,-0.00018407622576033233,0.008990327027778475
feature_06,feature_49,z_product,-0.002150014240373547,-0.00018424300915254044,0.006938651038269715
feature_06,feature_39,abs_z_diff,-0.0061726708250089786,-0.00018964521525188793,0.005181883738593414
feature_04,feature_01,abs_z_diff,-0.005846315461840138,-0.0001917618331697124,0.00879136673030946
feature_04,feature_58,abs_z_diff,-0.00402907322340972,-0.00019224321639343955,0.015009561780966138
feature_36,feature_01,abs_z_diff,-0.0037553066693493393,-0.0001926701103625028,0.0182475500408462
feature_49,feature_58,abs_z_diff,-0.006676691701293936,-0.00019392338597357117,0.012956673403867512
feature_06,feature_01,rank_product,0.038825301960793056,-0.00019435075127094414,-0.020223302135170127
feature_01,feature_58,abs_z_diff,-0.004219374379340727,-0.0001947207633286041,0.014292969736177167
feature_07,feature_39,abs_z_diff,-0.006371427032638776,-0.00019669444402925507,0.007889545408205882
feature_04,feature_47,abs_z_diff,-0.004193820392253208,-0.00019729956063274656,0.013653326145978036
feature_04,feature_12,abs_z_diff,-0.00967908560150132,-0.00019774265581240513,-0.0026601023959576305
feature_04,feature_70,abs_z_diff,-0.00918062158411129,-0.0001993229211016967,-0.0012478739992930988
feature_01,feature_58,z_product,-0.0065131303258357184,-0.00020432642802914458,0.0049602337077602286
feature_07,feature_39,rank_diff,-0.057672823543622284,-0.0002047017733426415,-0.006186949658854613
feature_58,feature_48,abs_z_diff,-0.005988311161319835,-0.0002082284220985553,0.007633462371081699
feature_07,feature_58,abs_z_diff,-0.00502475886258766,-0.0002086307499558071,0.013910196589341594
feature_49,feature_39,abs_z_diff,-0.007376985524910687,-0.00020976479958978445,0.008606527454139144
feature_72,feature_58,abs_z_diff,-0.010790456804960604,-0.0002101078676355339,-0.003144160912052254
feature_47,feature_58,z_diff,-0.034931111690952844,-0.00021617049084077244,-0.005211003191002027
feature_47,feature_58,abs_z_diff,-0.014140282702277547,-0.00022758698527525212,0.009899192725416806
feature_47,feature_72,abs_z_diff,-0.010999145018570194,-0.00022905982254917134,-0.003277362297212052
feature_72,feature_48,abs_z_diff,-0.007719559147559924,-0.00022960933039195552,0.004788578736654954
feature_36,feature_70,z_product,-0.012162631560558539,-0.00023920863665982672,0.0042528020437969565
feature_06,feature_01,z_product,0.0022815734421823596,-0.0002446721997690915,-0.026586947470873874
feature_45,feature_72,z_product,-0.009869516246897973,-0.0002469474068336197,0.009822279836114504
feature_06,feature_58,abs_z_diff,-0.005512222318050857,-0.00024794156914742516,0.010582980958937456
feature_45,feature_48,rank_product,0.11491796474246069,-0.0002523159270222397,-0.0040451562718957475
feature_70,feature_45,abs_z_diff,-0.010937901942206528,-0.0002555049167980439,0.0007258040448261303
feature_36,feature_12,rank_product,-0.17110729546220182,-0.000263109123509242,0.00039795932262007565
feature_45,feature_12,abs_z_diff,-0.010865974086521074,-0.0002635211017931738,-0.0002992877314218972
feature_49,feature_07,rank_diff,0.061869619255205774,-0.0002679345664464705,0.00331428852771362
feature_49,feature_45,abs_z_diff,-0.00713498187883549,-0.00026950558070959474,0.011107429361561427
feature_45,feature_47,abs_z_diff,-0.011254204344210013,-0.00027491669518231454,0.0041071733085650194
feature_04,feature_07,abs_z_diff,-0.007338299791127424,-0.0002901326407565019,0.010341574256198222
feature_01,feature_70,abs_z_diff,-0.008792975188560261,-0.00029119809073208103,0.0060353015539396015
feature_70,feature_48,abs_z_diff,-0.008755753786462319,-0.0002924851244880955,0.004980041908370652
feature_48,feature_12,abs_z_diff,-0.008672563396938771,-0.0002929200075760807,0.004930955946461289
feature_36,feature_47,abs_z_diff,-0.004932464360459106,-0.000296395849137987,0.021292838478052356
feature_36,feature_49,abs_z_diff,-0.005151244970545652,-0.00029814356525115215,0.02056670278711619
feature_36,feature_70,rank_product,-0.1689479041506394,-0.00029833204758600296,0.0017004498879937767
feature_49,feature_70,abs_z_diff,-0.009978867583879015,-0.00029918751678215116,0.002213260344055373
feature_49,feature_47,z_product,-0.002466732945489966,-0.00030659907911068096,0.0029154730720657184
feature_36,feature_58,abs_z_diff,-0.004631677689397995,-0.0003083694726726538,0.02284159770364841
feature_01,feature_12,abs_z_diff,-0.009290123790352397,-0.0003170597039525713,0.005558528737445768
feature_49,feature_12,abs_z_diff,-0.00993052541057713,-0.00032998089932156915,0.002707362165594332
feature_07,feature_01,abs_z_diff,-0.00685803076120005,-0.0003310429661647074,0.010740264338373134
feature_70,feature_47,abs_z_diff,-0.012188359961185773,-0.0003348667013010065,-0.0015438744980362865
feature_04,feature_72,abs_z_diff,-0.009732221671283105,-0.0003420043869772904,0.0068592176258860564
feature_45,feature_58,abs_z_diff,-0.010884975177897443,-0.00034319613166089447,0.009632325154815949
feature_47,feature_12,abs_z_diff,-0.011684168770690648,-0.00034457958629752206,-0.0017537615841916156
feature_39,feature_12,abs_z_diff,-0.013318367709748527,-0.00036295816457632135,0.003202358229711293
feature_07,feature_58,z_product,-0.007111391539837162,-0.0003659582831132546,-0.004692129629355455
feature_70,feature_39,abs_z_diff,-0.013291522361764726,-0.00036660746687222634,0.004754192026221495
feature_06,feature_72,abs_z_diff,-0.01609340662185479,-0.00036737382616602865,-0.007527212985896122
feature_70,feature_58,abs_z_diff,-0.012231517625860326,-0.0003707171963658329,0.00015032482899865815
feature_58,feature_12,abs_z_diff,-0.011542370476737288,-0.00037705825563105755,0.00010122215242565546
feature_07,feature_47,z_product,-0.005527845114457745,-0.00042034549834757406,-0.0016744569483998523
feature_49,feature_47,abs_z_diff,-0.012555607218107162,-0.0004409434203942464,0.012413028990596986
feature_06,feature_70,abs_z_diff,-0.01616633379121227,-0.00044809758427466484,-0.0060784776205044105
feature_01,feature_72,abs_z_diff,-0.009589501352231845,-0.0004488661830270857,0.014003358558964377
feature_06,feature_01,abs_z_diff,-0.0065350790049343715,-0.0004583619972677866,0.01823059023035505
feature_47,feature_58,z_product,-0.003939372621192829,-0.00048055129329815927,0.006259569501484807
feature_06,feature_12,abs_z_diff,-0.016741867954280197,-0.0004946553056288661,-0.005986028161886913
feature_07,feature_72,abs_z_diff,-0.0171203089821549,-0.0004956252225094548,-0.005109672861933825
feature_07,feature_70,abs_z_diff,-0.01550556733154426,-0.0005564464218799081,-0.0016915975372451758
feature_07,feature_12,abs_z_diff,-0.01621630492699378,-0.000579092913026491,-0.0032079446573389163
