baseline_model,residual_feature,residual_transform,alpha,baseline_valid_r2,final_valid_r2,delta_r2
ridge_rank_alpha10000,feature_36,z,-0.017010269548575024,0.001633463481775732,0.002458254830002393,0.0008247913482266611
ridge_rank_alpha10000,feature_58,z,0.01993550566411898,0.001633463481775732,0.0021780643866330385,0.0005446009048573064
ridge_rank_alpha10000,feature_60,z,0.00785710473366305,0.001633463481775732,0.0021161482931232323,0.0004826848113475002
ridge_rank_alpha10000,feature_60,top05_indicator,0.035803429551713284,0.001633463481775732,0.0020747545186381444,0.00044129103686241233
ridge_rank_alpha10000,feature_36,rank,-0.06239036426371125,0.001633463481775732,0.002029534723596349,0.0003960712418206169
ridge_rank_alpha10000,feature_36,signed_tail05,-0.026182443752699344,0.001633463481775732,0.002026551455657666,0.00039308797388193373
ridge_rank_alpha10000,feature_59,z,0.006639315714991377,0.001633463481775732,0.0019657433529347568,0.0003322798711590247
ridge_rank_alpha10000,feature_51,rank,0.034458662853782004,0.001633463481775732,0.0019410698890379718,0.00030760640726223976
ridge_rank_alpha10000,feature_04,z,-0.009295431919652269,0.001633463481775732,0.0019297458530403988,0.0002962823712646667
ridge_rank_alpha10000,feature_51,z,0.009558689661272591,0.001633463481775732,0.0019171220856956106,0.0002836586039198785
ridge_rank_alpha10000,feature_24,square_z,-0.0028794072388526027,0.001633463481775732,0.0019053090016454277,0.00027184551986969563
ridge_rank_alpha10000,feature_50,signed_tail05,0.01765512533606444,0.001633463481775732,0.0018958088940070894,0.0002623454122313573
ridge_rank_alpha10000,feature_06,top05_indicator,-0.05006707398551351,0.001633463481775732,0.0018858904490316464,0.0002524269672559143
ridge_rank_alpha10000,feature_59,top05_indicator,0.018749309879650202,0.001633463481775732,0.0018661398208217328,0.0002326763390460007
ridge_rank_alpha10000,feature_50,top05_indicator,0.020122576137795944,0.001633463481775732,0.001853332575440736,0.00021986909366500385
ridge_rank_alpha10000,feature_36,top05_indicator,-0.02212630245154731,0.001633463481775732,0.0018505744190162599,0.00021711093724052777
ridge_rank_alpha10000,feature_37,signed_tail05,-0.022102188319955994,0.001633463481775732,0.001837661576366556,0.00020419809459082394
ridge_rank_alpha10000,feature_22,square_z,-0.0020841978188791783,0.001633463481775732,0.001834910189379646,0.00020144670760391392
ridge_rank_alpha10000,feature_51,sign,0.005414469343168432,0.001633463481775732,0.0018201834221762692,0.00018671994040053708
ridge_rank_alpha10000,feature_47,z,0.00958531287649195,0.001633463481775732,0.0018100181533944326,0.00017655467161870053
ridge_rank_alpha10000,feature_06,square_z,-0.0007568664184841996,0.001633463481775732,0.0018063378057383561,0.00017287432396262403
ridge_rank_alpha10000,feature_50,z,0.003421700333851559,0.001633463481775732,0.0017956486071817324,0.00016218512540600027
ridge_rank_alpha10000,feature_24,abs_z,-0.003664725025639751,0.001633463481775732,0.0017935521395245901,0.00016008865774885805
ridge_rank_alpha10000,feature_36,bottom05_indicator,0.030214042510844457,0.001633463481775732,0.001790535604813237,0.00015707212303750495
ridge_rank_alpha10000,feature_22,z,-0.004263470955415535,0.001633463481775732,0.001788937746231678,0.00015547426445594592
ridge_rank_alpha10000,feature_24,z,-0.0038837303065141072,0.001633463481775732,0.001783393543419609,0.000149930061643877
ridge_rank_alpha10000,feature_23,square_z,-0.008243064294795637,0.001633463481775732,0.0017785824730953692,0.00014511899131963713
ridge_rank_alpha10000,feature_49,top05_indicator,0.024457679993444018,0.001633463481775732,0.00177622644815989,0.00014276296638415786
ridge_rank_alpha10000,feature_04,rank,-0.0416354361545796,0.001633463481775732,0.001774685036204704,0.00014122155442897188
ridge_rank_alpha10000,feature_51,positive_indicator,0.005961719209847282,0.001633463481775732,0.0017741478525828969,0.00014068437080716478
ridge_rank_alpha10000,feature_38,signed_tail05,-0.02743186757067074,0.001633463481775732,0.0017688099813601976,0.00013534649958446554
ridge_rank_alpha10000,feature_06,abs_z,-0.006761812814394254,0.001633463481775732,0.0017654607959559643,0.0001319973141802322
ridge_rank_alpha10000,feature_23,z,-0.00512732109903584,0.001633463481775732,0.001761161804737288,0.0001276983229615558
ridge_rank_alpha10000,feature_22,abs_z,-0.004696544112938746,0.001633463481775732,0.001757496357400079,0.00012403287562434695
ridge_rank_alpha10000,feature_57,sign,-0.0031161194938986664,0.001633463481775732,0.0017566033747560272,0.00012313989298029515
ridge_rank_alpha10000,feature_19,signed_tail05,-0.015108272269766451,0.001633463481775732,0.0017524147436370763,0.00011895126186134419
ridge_rank_alpha10000,feature_13,square_z,-0.0006435115628430784,0.001633463481775732,0.0017487368367737899,0.0001152733549980578
ridge_rank_alpha10000,feature_51,signed_tail05,0.028241219367330806,0.001633463481775732,0.0017473480727577817,0.00011388459098204962
ridge_rank_alpha10000,feature_59,signed_tail05,0.028411345806442282,0.001633463481775732,0.0017445372921806035,0.00011107381040487141
ridge_rank_alpha10000,feature_76,top05_indicator,0.014755842349409137,0.001633463481775732,0.0017439422877639776,0.00011047880598824555
ridge_rank_alpha10000,feature_22,top05_indicator,-0.0063847975639172334,0.001633463481775732,0.0017413822224713327,0.00010791874069560059
ridge_rank_alpha10000,feature_76,signed_tail05,0.012641957601570317,0.001633463481775732,0.0017410762764878962,0.00010761279471216412
ridge_rank_alpha10000,feature_78,signed_tail05,0.013337719604200202,0.001633463481775732,0.0017403372146529428,0.00010687373287721069
ridge_rank_alpha10000,feature_60,signed_tail05,0.019086382156395618,0.001633463481775732,0.0017400760206633947,0.00010661253888766264
ridge_rank_alpha10000,feature_75,signed_tail05,0.006405805031670788,0.001633463481775732,0.0017380282546164416,0.00010456477284070953
ridge_rank_alpha10000,feature_50,rank,0.010235475218513734,0.001633463481775732,0.0017378328973238766,0.0001043694155481445
ridge_rank_alpha10000,feature_20,z,-0.003167743244202518,0.001633463481775732,0.0017336403906581532,0.00010017690888242115
ridge_rank_alpha10000,feature_23,signed_tail05,-0.05031241560124356,0.001633463481775732,0.0017335320396340004,0.00010006855785826829
ridge_rank_alpha10000,feature_48,bottom05_indicator,0.011000219850198294,0.001633463481775732,0.0017294762348438741,0.00009601275306814205
ridge_rank_alpha10000,feature_52,rank,0.012578166578343666,0.001633463481775732,0.001727931024124496,0.00009446754234876398
ridge_rank_alpha10000,feature_20,bottom05_indicator,0.013994609898250708,0.001633463481775732,0.001725925616274493,0.00009246213449876084
ridge_rank_alpha10000,feature_58,signed_tail05,0.022041082042133776,0.001633463481775732,0.0017234146569742315,0.00008995117519849938
ridge_rank_alpha10000,feature_31,abs_z,-0.0027695768502450967,0.001633463481775732,0.0017233432884518063,0.0000898798066760742
ridge_rank_alpha10000,feature_71,signed_tail05,0.021630740963852688,0.001633463481775732,0.0017182553884738105,0.00008479190669807846
ridge_rank_alpha10000,feature_20,rank,-0.01087308305517638,0.001633463481775732,0.0017159845285933395,0.00008252104681760741
ridge_rank_alpha10000,feature_22,signed_tail05,-0.00500535333940982,0.001633463481775732,0.0017144760583217566,0.00008101257654602456
ridge_rank_alpha10000,feature_06,signed_tail05,-0.05898978911174489,0.001633463481775732,0.0017139349083520328,0.00008047142657630069
ridge_rank_alpha10000,feature_33,top05_indicator,-0.017662990913967818,0.001633463481775732,0.0017100148968853812,0.00007655141510964913
ridge_rank_alpha10000,feature_78,z,0.004860840169753172,0.001633463481775732,0.001709368244560583,0.00007590476278485081
ridge_rank_alpha10000,feature_22,rank,-0.012234840893807853,0.001633463481775732,0.0017070975431402458,0.00007363406136451367
ridge_rank_alpha10000,feature_33,z,-0.0027221543984227714,0.001633463481775732,0.001704305512540305,0.00007084203076457296
ridge_rank_alpha10000,feature_37,top05_indicator,-0.037642881606996706,0.001633463481775732,0.0017042208067732378,0.00007075732499750575
ridge_rank_alpha10000,feature_19,top05_indicator,-0.04853322312021284,0.001633463481775732,0.0017016297271365,0.00006816624536076787
ridge_rank_alpha10000,feature_33,rank,-0.012488132068994198,0.001633463481775732,0.0017015238455930781,0.00006806036381734604
ridge_rank_alpha10000,feature_61,rank,0.013706810939503962,0.001633463481775732,0.0017006840704513193,0.00006722058867558722
ridge_rank_alpha10000,feature_38,z,-0.005857164199610301,0.001633463481775732,0.0016998950699357307,0.00006643158815999861
ridge_rank_alpha10000,feature_71,top05_indicator,0.016495154643788586,0.001633463481775732,0.0016978786772300358,0.00006441519545430374
ridge_rank_alpha10000,feature_46,bottom05_indicator,-0.015188216077992225,0.001633463481775732,0.0016978061893859753,0.00006434270761024319
ridge_rank_alpha10000,feature_67,square_z,-0.0016855260609987559,0.001633463481775732,0.0016959043074588065,0.00006244082568307441
ridge_rank_alpha10000,feature_77,z,0.003589322195700886,0.001633463481775732,0.0016953267835971841,0.00006186330182145205
ridge_rank_alpha10000,feature_65,bottom05_indicator,0.03097045122866257,0.001633463481775732,0.0016946026696530447,0.00006113918787731265
ridge_rank_alpha10000,feature_68,rank,0.013703876433192909,0.001633463481775732,0.0016943808078497824,0.000060917326074050315
ridge_rank_alpha10000,feature_50,bottom05_indicator,-0.015330243753625865,0.001633463481775732,0.0016937753895466257,0.00006031190777089357
ridge_rank_alpha10000,feature_43,sign,-0.005662838310746924,0.001633463481775732,0.0016937528814323644,0.00006028939965663227
ridge_rank_alpha10000,feature_68,positive_indicator,0.0073727879504475345,0.001633463481775732,0.0016936750585152538,0.00006021157673952171
ridge_rank_alpha10000,feature_25,top05_indicator,-0.004212719814326105,0.001633463481775732,0.001692118495496886,0.00005865501372115389
ridge_rank_alpha10000,feature_73,z,0.002604163827705277,0.001633463481775732,0.0016918435204731352,0.00005838003869740316
ridge_rank_alpha10000,feature_31,z,-0.0024795333307242387,0.001633463481775732,0.0016915487777281468,0.00005808529595241474
ridge_rank_alpha10000,feature_44,sign,-0.003114642294040413,0.001633463481775732,0.0016905791918208068,0.000057115710045074763
ridge_rank_alpha10000,feature_48,top05_indicator,0.0048534932525332395,0.001633463481775732,0.0016904785470110983,0.00005701506523536626
ridge_rank_alpha10000,feature_05,signed_tail05,0.005826986453836918,0.001633463481775732,0.0016903207666726372,0.000056857284896905114
ridge_rank_alpha10000,feature_37,sign,0.0025702915429770623,0.001633463481775732,0.0016892107989084915,0.00005574731713275938
ridge_rank_alpha10000,feature_33,signed_tail05,-0.005943188134070864,0.001633463481775732,0.001688126671834822,0.00005466319005908993
ridge_rank_alpha10000,feature_15,positive_indicator,0.011842606919211041,0.001633463481775732,0.0016878409122152993,0.00005437743043956722
ridge_rank_alpha10000,feature_75,bottom05_indicator,-0.011746987275430302,0.001633463481775732,0.0016872754084007457,0.00005381192662501366
ridge_rank_alpha10000,feature_30,positive_indicator,0.011714499889251972,0.001633463481775732,0.001686006669162965,0.00005254318738723285
ridge_rank_alpha10000,feature_10,square_z,0.002582516296950947,0.001633463481775732,0.0016859222194947066,0.00005245873771897447
ridge_rank_alpha10000,feature_61,z,0.0030455874542113658,0.001633463481775732,0.001685680247652921,0.00005221676587718882
ridge_rank_alpha10000,feature_54,bottom05_indicator,-0.03163475313920813,0.001633463481775732,0.0016853186779569596,0.00005185519618122747
ridge_rank_alpha10000,feature_49,sign,-0.003172373739428039,0.001633463481775732,0.0016849889385716077,0.00005152545679587561
ridge_rank_alpha10000,feature_25,signed_tail05,-0.006560841815517443,0.001633463481775732,0.0016849181183439255,0.00005145463656819338
ridge_rank_alpha10000,feature_23,abs_z,-0.006068433737096938,0.001633463481775732,0.0016841331981928276,0.0000506697164170955
ridge_rank_alpha10000,feature_23,top05_indicator,-0.06701276394984493,0.001633463481775732,0.0016837382597850725,0.00005027477800934044
ridge_rank_alpha10000,feature_64,square_z,0.002534639990306268,0.001633463481775732,0.0016836595076717975,0.00005019602589606542
ridge_rank_alpha10000,feature_37,z,-0.005828964220555976,0.001633463481775732,0.0016829834127554122,0.000049519930979680105
ridge_rank_alpha10000,feature_46,signed_tail05,0.007679339824485367,0.001633463481775732,0.0016824764497975764,0.000049012968021844294
ridge_rank_alpha10000,feature_04,bottom05_indicator,0.004436802994163863,0.001633463481775732,0.0016819303462214386,0.00004846686444570647
ridge_rank_alpha10000,feature_23,rank,-0.007303220064739844,0.001633463481775732,0.0016813285047005966,0.0000478650229248645
ridge_rank_alpha10000,feature_17,square_z,0.0017362592390157206,0.001633463481775732,0.0016802539598023136,0.00004679047802658154
ridge_rank_alpha10000,feature_78,bottom05_indicator,-0.025087106500810998,0.001633463481775732,0.0016797342036906082,0.000046270721914876134
ridge_rank_alpha10000,feature_76,square_z,-0.0003630153431077981,0.001633463481775732,0.0016793160082371195,0.00004585252646138738
ridge_rank_alpha10000,feature_37,bottom05_indicator,0.006617327499852378,0.001633463481775732,0.0016791509100831936,0.00004568742830746153
ridge_rank_alpha10000,feature_51,top05_indicator,0.01158207875650776,0.001633463481775732,0.0016785375262584612,0.000045074044482729114
ridge_rank_alpha10000,feature_05,bottom05_indicator,-0.039140383087838036,0.001633463481775732,0.0016779409616071161,0.00004447747983138406
ridge_rank_alpha10000,feature_52,z,0.0012150364448501527,0.001633463481775732,0.0016766785339044077,0.0000432150521286756
ridge_rank_alpha10000,feature_70,sign,-0.008879813509910635,0.001633463481775732,0.001676353335473002,0.00004288985369726994
ridge_rank_alpha10000,feature_75,positive_indicator,0.008099463891001335,0.001633463481775732,0.0016756003119142715,0.000042136830138539416
ridge_rank_alpha10000,feature_57,positive_indicator,-0.002876267671865594,0.001633463481775732,0.0016754924258751691,0.00004202894409943703
ridge_rank_alpha10000,feature_61,square_z,0.0009658013275696235,0.001633463481775732,0.0016751461688743197,0.00004168268709858758
ridge_rank_alpha10000,feature_37,positive_indicator,0.0025505309266500224,0.001633463481775732,0.001674563629342929,0.00004110014756719682
ridge_rank_alpha10000,feature_08,top05_indicator,-0.012576868511639736,0.001633463481775732,0.0016737578569870903,0.00004029437521135826
ridge_rank_alpha10000,feature_61,top05_indicator,0.004010783503292803,0.001633463481775732,0.0016730889419205308,0.00003962546014479873
ridge_rank_alpha10000,feature_61,sign,0.0020951305722463295,0.001633463481775732,0.0016721819424038165,0.00003871846062808437
ridge_rank_alpha10000,feature_56,abs_z,0.0020536851776659245,0.001633463481775732,0.0016719657514174813,0.00003850226964174919
ridge_rank_alpha10000,feature_17,positive_indicator,0.00974399893218242,0.001633463481775732,0.001670754846886835,0.00003729136511110287
ridge_rank_alpha10000,feature_13,rank,0.007533851652856754,0.001633463481775732,0.0016703863144326148,0.000036922832656882676
ridge_rank_alpha10000,feature_10,top05_indicator,0.0077526649461959855,0.001633463481775732,0.0016697639270984999,0.00003630044532276777
ridge_rank_alpha10000,feature_12,sign,-0.006486806203577545,0.001633463481775732,0.0016686513013194348,0.00003518781954370276
ridge_rank_alpha10000,feature_20,sign,-0.0016586716679248571,0.001633463481775732,0.0016681855381547317,0.00003472205637899961
ridge_rank_alpha10000,feature_55,bottom05_indicator,0.01451406661095312,0.001633463481775732,0.0016652424373999608,0.00003177895562422872
ridge_rank_alpha10000,feature_42,square_z,-0.0026755872253474834,0.001633463481775732,0.0016651385356193371,0.00003167505384360503
ridge_rank_alpha10000,feature_69,square_z,-0.00206368861737989,0.001633463481775732,0.001664850649179317,0.000031387167403584826
ridge_rank_alpha10000,feature_65,signed_tail05,-0.012050691781169486,0.001633463481775732,0.0016644064932934688,0.00003094301151773671
ridge_rank_alpha10000,feature_10,abs_z,0.0025087558600197205,0.001633463481775732,0.00166433391023868,0.00003087042846294796
ridge_rank_alpha10000,feature_61,positive_indicator,0.0020636130602220966,0.001633463481775732,0.0016635862403214796,0.00003012275854574753
ridge_rank_alpha10000,feature_46,sign,-0.0019374643713474012,0.001633463481775732,0.0016629495612033862,0.000029486079427654133
ridge_rank_alpha10000,feature_77,signed_tail05,0.006307745354665952,0.001633463481775732,0.0016624368703600512,0.000028973388584319082
ridge_rank_alpha10000,feature_18,top05_indicator,0.029634541415514838,0.001633463481775732,0.0016619148380341286,0.000028451356258396565
ridge_rank_alpha10000,feature_71,rank,0.006899986024633701,0.001633463481775732,0.0016614059178425844,0.000027942436066852316
ridge_rank_alpha10000,feature_40,square_z,0.0019108079989945753,0.001633463481775732,0.0016613858775599288,0.000027922395784196752
ridge_rank_alpha10000,feature_75,rank,0.003272862289068779,0.001633463481775732,0.0016613024190392789,0.000027838937263546804
ridge_rank_alpha10000,feature_31,top05_indicator,-0.03540366557290126,0.001633463481775732,0.0016608790835141996,0.000027415601738467466
ridge_rank_alpha10000,feature_39,positive_indicator,0.0032715678834451247,0.001633463481775732,0.0016604030132928438,0.000026939531517111703
ridge_rank_alpha10000,feature_40,abs_z,0.0034757270137717815,0.001633463481775732,0.001659772679835858,0.000026309198060125993
ridge_rank_alpha10000,feature_27,abs_z,0.002713982139141559,0.001633463481775732,0.0016590736285791996,0.000025610146803467515
ridge_rank_alpha10000,feature_63,z,0.006607230496147782,0.001633463481775732,0.001658764658652001,0.000025301176876268983
ridge_rank_alpha10000,feature_21,abs_z,-0.0013881358402528922,0.001633463481775732,0.0016584913112249744,0.00002502782944924231
ridge_rank_alpha10000,feature_73,rank,0.004018901638350822,0.001633463481775732,0.0016572051718508618,0.000023741690075129718
ridge_rank_alpha10000,feature_17,z,0.0024933851424484817,0.001633463481775732,0.0016567402950492527,0.000023276813273520602
ridge_rank_alpha10000,feature_66,z,-0.0021724580201731326,0.001633463481775732,0.0016566432802336273,0.000023179798457895195
ridge_rank_alpha10000,feature_62,signed_tail05,0.0025738020152058314,0.001633463481775732,0.0016566314779290492,0.000023167996153317105
ridge_rank_alpha10000,feature_24,rank,-0.006134499276602343,0.001633463481775732,0.0016563340037079044,0.000022870521932172316
ridge_rank_alpha10000,feature_20,abs_z,0.00395041603265926,0.001633463481775732,0.0016562288258117341,0.000022765344036002055
ridge_rank_alpha10000,feature_65,abs_z,0.005143924550692143,0.001633463481775732,0.0016557965995943613,0.000022333117818629233
ridge_rank_alpha10000,feature_63,top05_indicator,0.03767950271109915,0.001633463481775732,0.0016556784964324445,0.000022215014656712384
ridge_rank_alpha10000,feature_41,bottom05_indicator,-0.013679933121521019,0.001633463481775732,0.001655671717917695,0.000022208236141962878
ridge_rank_alpha10000,feature_52,sign,0.0013091852437631237,0.001633463481775732,0.0016549325195102105,0.00002146903773447839
ridge_rank_alpha10000,feature_52,positive_indicator,0.001555720860542619,0.001633463481775732,0.0016547580291725872,0.0000212945473968551
ridge_rank_alpha10000,feature_64,abs_z,0.006975912622401245,0.001633463481775732,0.0016536651026235472,0.00002020162084781507
ridge_rank_alpha10000,feature_27,square_z,0.0013807022423746474,0.001633463481775732,0.001653501638585353,0.000020038156809620844
ridge_rank_alpha10000,feature_39,sign,0.0034344718485835074,0.001633463481775732,0.0016534655991863323,0.000020002117410600206
ridge_rank_alpha10000,feature_49,signed_tail05,0.013437243744272877,0.001633463481775732,0.0016533921135342133,0.000019928631758481252
ridge_rank_alpha10000,feature_49,z,0.00041618361695913594,0.001633463481775732,0.0016533345877014494,0.00001987110592571728
ridge_rank_alpha10000,feature_15,rank,0.004085438679229174,0.001633463481775732,0.0016532439828274015,0.000019780501051669397
ridge_rank_alpha10000,feature_33,sign,-0.0055399360003168,0.001633463481775732,0.0016527411132734038,0.0000192776314976717
ridge_rank_alpha10000,feature_13,positive_indicator,0.00170000276522217,0.001633463481775732,0.0016526678357472457,0.000019204353971513655
ridge_rank_alpha10000,feature_68,sign,0.0032473681544696953,0.001633463481775732,0.0016525461212886228,0.000019082639512890687
ridge_rank_alpha10000,feature_31,signed_tail05,-0.033428309684082565,0.001633463481775732,0.0016524713127885615,0.000019007831012829435
ridge_rank_alpha10000,feature_25,sign,-0.0023175102425964343,0.001633463481775732,0.0016513134824595044,0.000017850000683772294
ridge_rank_alpha10000,feature_75,z,0.0007248165283212283,0.001633463481775732,0.0016507993423291456,0.000017335860553413518
ridge_rank_alpha10000,feature_46,square_z,-0.0010488318462081874,0.001633463481775732,0.0016504647055477495,0.000017001223772017404
ridge_rank_alpha10000,feature_23,sign,-0.0011450999274366775,0.001633463481775732,0.0016504398096579553,0.000016976327882223252
ridge_rank_alpha10000,feature_14,sign,-0.0025125897826369405,0.001633463481775732,0.0016503793931988975,0.000016915911423165397
ridge_rank_alpha10000,feature_16,square_z,0.00007515553866327106,0.001633463481775732,0.0016501761381331193,0.000016712656357387168
ridge_rank_alpha10000,feature_63,square_z,0.0012845706103655795,0.001633463481775732,0.0016500088720419193,0.000016545390266187177
ridge_rank_alpha10000,feature_18,positive_indicator,0.0030034115857249764,0.001633463481775732,0.0016493263201183828,0.000015862838342650676
ridge_rank_alpha10000,feature_17,abs_z,0.002617803554550704,0.001633463481775732,0.0016489089348922237,0.000015445453116491592
ridge_rank_alpha10000,feature_66,rank,-0.004521905373858853,0.001633463481775732,0.0016488977127322446,0.00001543423095651253
ridge_rank_alpha10000,feature_02,bottom05_indicator,-0.01320004418500238,0.001633463481775732,0.0016488184643186354,0.00001535498254290335
ridge_rank_alpha10000,feature_42,top05_indicator,0.02196424397410842,0.001633463481775732,0.0016487181762238068,0.000015254694448074702
ridge_rank_alpha10000,feature_39,bottom05_indicator,-0.006793555448576519,0.001633463481775732,0.001648483910753118,0.000015020428977385869
ridge_rank_alpha10000,feature_66,sign,-0.0026500496551708237,0.001633463481775732,0.0016480917791370508,0.000014628297361318765
ridge_rank_alpha10000,feature_32,bottom05_indicator,-0.016897665144772544,0.001633463481775732,0.00164804551508968,0.000014582033313947917
ridge_rank_alpha10000,feature_53,positive_indicator,0.006243530370195701,0.001633463481775732,0.00164788956862838,0.000014426086852648012
ridge_rank_alpha10000,feature_44,positive_indicator,-0.0036449209085275755,0.001633463481775732,0.0016474734503247879,0.000014009968549055785
ridge_rank_alpha10000,feature_37,rank,0.004666410177831736,0.001633463481775732,0.0016474311526674112,0.000013967670891679163
ridge_rank_alpha10000,feature_01,abs_z,0.0038379793020833683,0.001633463481775732,0.0016473389151954176,0.000013875433419685557
ridge_rank_alpha10000,feature_17,signed_tail05,0.006650775504566691,0.001633463481775732,0.0016473225574952233,0.000013859075719491187
ridge_rank_alpha10000,feature_50,sign,0.00032880291563350917,0.001633463481775732,0.001647190516204322,0.000013727034428590024
ridge_rank_alpha10000,feature_21,bottom05_indicator,0.00922442806473799,0.001633463481775732,0.0016471805721149924,0.000013717090339260274
ridge_rank_alpha10000,feature_23,bottom05_indicator,0.00664738919748792,0.001633463481775732,0.0016470124335061787,0.000013548951730446568
ridge_rank_alpha10000,feature_72,sign,-0.0012918071951322314,0.001633463481775732,0.0016468556392523759,0.000013392157476643796
ridge_rank_alpha10000,feature_16,abs_z,0.000583406399498796,0.001633463481775732,0.0016468543209496866,0.00001339083917395456
ridge_rank_alpha10000,feature_19,z,-0.0006167001819873625,0.001633463481775732,0.0016467616037928456,0.000013298122017113556
ridge_rank_alpha10000,feature_75,top05_indicator,0.0011028397029312562,0.001633463481775732,0.0016465980582346385,0.000013134576458906366
ridge_rank_alpha10000,feature_20,positive_indicator,-0.002470179986878056,0.001633463481775732,0.0016465675592570728,0.000013104077481340681
ridge_rank_alpha10000,feature_18,abs_z,0.00696635307086744,0.001633463481775732,0.001646398341117572,0.00001293485934183991
ridge_rank_alpha10000,feature_21,z,-0.0008206180779477647,0.001633463481775732,0.0016463682766693077,0.000012904794893575655
ridge_rank_alpha10000,feature_62,sign,-0.0018817848920201212,0.001633463481775732,0.0016455953309992832,0.00001213184922355115
ridge_rank_alpha10000,feature_60,rank,0.002627570928608322,0.001633463481775732,0.0016455940414519254,0.000012130559676193364
ridge_rank_alpha10000,feature_22,sign,-0.0005009939974086341,0.001633463481775732,0.0016452799279592645,0.000011816446183532392
ridge_rank_alpha10000,feature_56,square_z,0.00029931478727665686,0.001633463481775732,0.0016445380524744424,0.000011074570698710318
ridge_rank_alpha10000,feature_34,bottom05_indicator,-0.01911744058596106,0.001633463481775732,0.001644305523815337,0.000010842042039604927
ridge_rank_alpha10000,feature_50,positive_indicator,0.00040568725579421703,0.001633463481775732,0.001644126948413538,0.000010663466637805818
ridge_rank_alpha10000,feature_77,abs_z,0.0004349127407482858,0.001633463481775732,0.0016440938369245428,0.000010630355148810722
ridge_rank_alpha10000,feature_76,bottom05_indicator,-0.010683310070471297,0.001633463481775732,0.0016438298231395976,0.000010366341363865494
ridge_rank_alpha10000,feature_12,bottom05_indicator,-0.0066911567357376255,0.001633463481775732,0.0016432612293898474,9.797747614115337e-6
ridge_rank_alpha10000,feature_13,sign,0.0008136377085945729,0.001633463481775732,0.0016430969649848803,9.633483209148253e-6
ridge_rank_alpha10000,feature_63,signed_tail05,0.015028898567351385,0.001633463481775732,0.0016430158780181836,9.552396242451522e-6
ridge_rank_alpha10000,feature_74,bottom05_indicator,-0.011098880502781334,0.001633463481775732,0.0016421941700974774,8.730688321745284e-6
ridge_rank_alpha10000,feature_62,top05_indicator,0.016657345012647068,0.001633463481775732,0.0016421741255666644,8.710643790932338e-6
ridge_rank_alpha10000,feature_49,positive_indicator,-0.0031787415546389135,0.001633463481775732,0.0016420587146410703,8.595232865338254e-6
ridge_rank_alpha10000,feature_01,top05_indicator,-0.005110502311940075,0.001633463481775732,0.001642050707265863,8.587225490130912e-6
ridge_rank_alpha10000,feature_28,bottom05_indicator,-0.0018078152034948572,0.001633463481775732,0.001641840779372239,8.37729759650685e-6
ridge_rank_alpha10000,feature_65,square_z,0.0038713222343203543,0.001633463481775732,0.0016418282059362799,8.364724160547787e-6
ridge_rank_alpha10000,feature_64,signed_tail05,0.004752616559794491,0.001633463481775732,0.001641662013666778,8.198531891046024e-6
ridge_rank_alpha10000,feature_14,rank,-0.003822214723791986,0.001633463481775732,0.0016411403049977347,7.676823222002582e-6
ridge_rank_alpha10000,feature_07,bottom05_indicator,-0.0019769473238027257,0.001633463481775732,0.0016411217526002275,7.658270824495439e-6
ridge_rank_alpha10000,feature_75,sign,0.002741269818313991,0.001633463481775732,0.0016410145092432549,7.551027467522786e-6
ridge_rank_alpha10000,feature_20,square_z,0.002915255731614266,0.001633463481775732,0.0016409547143473313,7.491232571599227e-6
ridge_rank_alpha10000,feature_47,rank,-0.007782500580278432,0.001633463481775732,0.0016408829680281123,7.419486252380203e-6
ridge_rank_alpha10000,feature_34,abs_z,-0.0014400532383000758,0.001633463481775732,0.0016394051201527038,5.941638376971703e-6
ridge_rank_alpha10000,feature_03,signed_tail05,-0.0022243663446086586,0.001633463481775732,0.0016393785629366109,5.915081160878799e-6
ridge_rank_alpha10000,feature_28,rank,-0.003264336036490917,0.001633463481775732,0.0016390469806094599,5.5834988337277736e-6
ridge_rank_alpha10000,feature_04,abs_z,0.0006693870311146004,0.001633463481775732,0.0016390189818868972,5.555500111165124e-6
ridge_rank_alpha10000,feature_58,rank,0.003350796314612728,0.001633463481775732,0.0016383610344067323,4.897552631000224e-6
ridge_rank_alpha10000,feature_46,positive_indicator,-0.0019150339114396692,0.001633463481775732,0.0016379991697490492,4.5356879733171596e-6
ridge_rank_alpha10000,feature_64,bottom05_indicator,-0.007368764763516234,0.001633463481775732,0.0016379003705065953,4.436888730863231e-6
ridge_rank_alpha10000,feature_74,z,0.000141555063447609,0.001633463481775732,0.0016378272400463523,4.363758270620188e-6
ridge_rank_alpha10000,feature_28,positive_indicator,0.000585597221402249,0.001633463481775732,0.0016377043842817907,4.240902506058575e-6
ridge_rank_alpha10000,feature_28,abs_z,0.0004862634997056223,0.001633463481775732,0.0016376919240013166,4.2284422255844945e-6
ridge_rank_alpha10000,feature_46,rank,-0.000578993532886908,0.001633463481775732,0.0016375530358192503,4.089554043518184e-6
ridge_rank_alpha10000,feature_39,rank,0.0004229283014357012,0.001633463481775732,0.001637500384396029,4.036902620296878e-6
ridge_rank_alpha10000,feature_71,z,0.0014491017127104297,0.001633463481775732,0.0016373920524496155,3.928570673883414e-6
ridge_rank_alpha10000,feature_18,rank,0.0010977776959066655,0.001633463481775732,0.0016373360336172649,3.87255184153279e-6
ridge_rank_alpha10000,feature_16,positive_indicator,0.00041134663136460826,0.001633463481775732,0.0016371675549075038,3.704073131771679e-6
ridge_rank_alpha10000,feature_42,abs_z,-0.0021312221052075257,0.001633463481775732,0.0016370508641656567,3.5873823899246204e-6
ridge_rank_alpha10000,feature_29,z,-0.0003355127632647292,0.001633463481775732,0.0016369541088196993,3.490627043967187e-6
ridge_rank_alpha10000,feature_70,bottom05_indicator,-0.008723150190640324,0.001633463481775732,0.0016368961561666895,3.432674390957402e-6
ridge_rank_alpha10000,feature_72,signed_tail05,-0.018564386866354306,0.001633463481775732,0.001636767222622404,3.303740846671843e-6
ridge_rank_alpha10000,feature_09,bottom05_indicator,0.0032642805764155638,0.001633463481775732,0.0016367650694194547,3.30158764372257e-6
ridge_rank_alpha10000,feature_44,top05_indicator,0.0016552625050868005,0.001633463481775732,0.0016367420363972984,3.278554621566343e-6
ridge_rank_alpha10000,feature_71,bottom05_indicator,-0.026547866340109364,0.001633463481775732,0.0016366084309863416,3.1449492106094823e-6
ridge_rank_alpha10000,feature_45,abs_z,0.0013854030599736284,0.001633463481775732,0.0016364076285657614,2.9441467900293006e-6
ridge_rank_alpha10000,feature_34,sign,-0.0014134394901615852,0.001633463481775732,0.0016361395529361777,2.676071160445659e-6
ridge_rank_alpha10000,feature_55,abs_z,0.0021843856555658,0.001633463481775732,0.001635970457938396,2.506976162663932e-6
ridge_rank_alpha10000,feature_51,bottom05_indicator,-0.0452497732921326,0.001633463481775732,0.001635919034511657,2.455552735924904e-6
ridge_rank_alpha10000,feature_22,positive_indicator,-0.0003843705510463843,0.001633463481775732,0.001635918964161709,2.455482385976815e-6
ridge_rank_alpha10000,feature_22,bottom05_indicator,-0.0029491747204288834,0.001633463481775732,0.0016358575794196417,2.3940976439096318e-6
ridge_rank_alpha10000,feature_65,z,-0.0003449855173887427,0.001633463481775732,0.0016356805857596912,2.2171039839591344e-6
ridge_rank_alpha10000,feature_15,z,0.0002672014371776637,0.001633463481775732,0.0016356727075227395,2.2092257470074372e-6
ridge_rank_alpha10000,feature_28,sign,0.0006187472404357338,0.001633463481775732,0.0016355888275355612,2.1253457598291448e-6
ridge_rank_alpha10000,feature_11,bottom05_indicator,0.0005928385761069581,0.001633463481775732,0.0016354187236523599,1.955241876627767e-6
ridge_rank_alpha10000,feature_23,positive_indicator,-0.0009399008718519681,0.001633463481775732,0.001635393902290283,1.9304205145509457e-6
ridge_rank_alpha10000,feature_61,abs_z,0.00008652644973098758,0.001633463481775732,0.0016353208104837869,1.857328708054773e-6
ridge_rank_alpha10000,feature_35,positive_indicator,0.0007870442909029467,0.001633463481775732,0.0016352050147838693,1.741533008137175e-6
ridge_rank_alpha10000,feature_35,abs_z,-0.0004197169443046956,0.001633463481775732,0.0016349509586316424,1.4874768559103302e-6
ridge_rank_alpha10000,feature_43,positive_indicator,-0.006451103410841644,0.001633463481775732,0.0016346848095641908,1.221327788458737e-6
ridge_rank_alpha10000,feature_47,signed_tail05,0.00039006833899535455,0.001633463481775732,0.0016346724414603164,1.2089596845843431e-6
ridge_rank_alpha10000,feature_16,sign,0.00016400118931501992,0.001633463481775732,0.0016346118199923598,1.1483382166277423e-6
ridge_rank_alpha10000,feature_29,square_z,0.00015996387028543145,0.001633463481775732,0.0016344858623694725,1.0223805937403796e-6
ridge_rank_alpha10000,feature_15,abs_z,0.00017444000179446444,0.001633463481775732,0.0016343202845713334,8.568027956012969e-7
ridge_rank_alpha10000,feature_46,top05_indicator,0.00042037515242701953,0.001633463481775732,0.0016341990207943136,7.35539018581477e-7
ridge_rank_alpha10000,feature_78,abs_z,0.000032101661380002424,0.001633463481775732,0.0016340512300027088,5.877482269767142e-7
ridge_rank_alpha10000,feature_30,z,-0.0008464103353416498,0.001633463481775732,0.001633979815988229,5.163342124969716e-7
ridge_rank_alpha10000,feature_71,abs_z,0.0003126513469428729,0.001633463481775732,0.0016338835547717867,4.2007299605462123e-7
ridge_rank_alpha10000,feature_64,top05_indicator,0.0005246986190226927,0.001633463481775732,0.001633862899398597,3.994176228649948e-7
ridge_rank_alpha10000,feature_68,signed_tail05,0.0003429169355100643,0.001633463481775732,0.0016338184774317144,3.549956559822931e-7
ridge_rank_alpha10000,feature_11,signed_tail05,-0.00011437484114302982,0.001633463481775732,0.0016337457383848175,2.822566090854295e-7
ridge_rank_alpha10000,feature_11,top05_indicator,0.00023839981937582636,0.001633463481775732,0.0016336632086781933,1.9972690246117253e-7
ridge_rank_alpha10000,feature_64,rank,-0.00022708929291499427,0.001633463481775732,0.0016336519818216377,1.885000459056485e-7
ridge_rank_alpha10000,feature_24,bottom05_indicator,-0.019481050661356462,0.001633463481775732,0.0016335813605714566,1.178787957245575e-7
ridge_rank_alpha10000,feature_62,rank,-0.000122730247076771,0.001633463481775732,0.0016335653255543647,1.0184377863264871e-7
ridge_rank_alpha10000,feature_67,rank,-0.009823874099079548,0.001633463481775732,0.001633539413605667,7.593182993481662e-8
ridge_rank_alpha10000,feature_28,square_z,0.00006153755592418214,0.001633463481775732,0.0016335109845271312,4.750275139908666e-8
ridge_rank_alpha10000,feature_09,sign,2.4102540207154137e-18,0.001633463481775732,0.001633463481775732,0.0
ridge_rank_alpha10000,feature_09,positive_indicator,2.4102540207154137e-18,0.001633463481775732,0.001633463481775732,0.0
ridge_rank_alpha10000,feature_10,sign,2.4102540207154137e-18,0.001633463481775732,0.001633463481775732,0.0
ridge_rank_alpha10000,feature_10,positive_indicator,2.4102540207154137e-18,0.001633463481775732,0.001633463481775732,0.0
ridge_rank_alpha10000,feature_11,sign,2.4102540207154137e-18,0.001633463481775732,0.001633463481775732,0.0
ridge_rank_alpha10000,feature_11,positive_indicator,2.4102540207154137e-18,0.001633463481775732,0.001633463481775732,0.0
ridge_rank_alpha10000,feature_30,top05_indicator,-0.02137725140269937,0.001633463481775732,0.001633463481775732,0.0
ridge_rank_alpha10000,feature_53,square_z,0.00007244415386239144,0.001633463481775732,0.0016334531692620002,-1.0312513731847162e-8
ridge_rank_alpha10000,feature_30,square_z,-0.00014583908573447972,0.001633463481775732,0.0016334489581513179,-1.4523624414231051e-8
ridge_rank_alpha10000,feature_10,bottom05_indicator,0.009436627272827736,0.001633463481775732,0.0016334076053589053,-5.587641682680555e-8
ridge_rank_alpha10000,feature_30,abs_z,-0.00005051245708802668,0.001633463481775732,0.001633322385704905,-1.4109607082701814e-7
ridge_rank_alpha10000,feature_28,z,-0.0006633240775071847,0.001633463481775732,0.0016332248929786797,-2.385887970524081e-7
ridge_rank_alpha10000,feature_14,bottom05_indicator,-0.000335737081915341,0.001633463481775732,0.0016330843282682528,-3.7915350747930177e-7
ridge_rank_alpha10000,feature_46,abs_z,-0.001150852159090993,0.001633463481775732,0.001632967680368913,-4.958014068190408e-7
ridge_rank_alpha10000,feature_55,square_z,0.0003912935306703689,0.001633463481775732,0.0016329452021204283,-5.182796553038216e-7
ridge_rank_alpha10000,feature_18,sign,0.003112549509920456,0.001633463481775732,0.0016328744623207436,-5.890194549884598e-7
ridge_rank_alpha10000,feature_68,abs_z,0.0004812418491582869,0.001633463481775732,0.001632864097862785,-5.993839129470047e-7
ridge_rank_alpha10000,feature_72,positive_indicator,-0.0022913059242865306,0.001633463481775732,0.0016328096692765914,-6.538124991406491e-7
ridge_rank_alpha10000,feature_29,top05_indicator,0.010253704456730283,0.001633463481775732,0.0016327762839586368,-6.871978170952531e-7
ridge_rank_alpha10000,feature_34,square_z,0.00002209358451416113,0.001633463481775732,0.001632683762707754,-7.797190679781352e-7
ridge_rank_alpha10000,feature_69,bottom05_indicator,-0.0019298354359357903,0.001633463481775732,0.0016325260284353327,-9.374533403994079e-7
ridge_rank_alpha10000,feature_19,rank,0.00024059733281485182,0.001633463481775732,0.0016323664721351605,-1.097009640571578e-6
ridge_rank_alpha10000,feature_32,abs_z,-0.0018072090866550446,0.001633463481775732,0.0016323516481439038,-1.1118336318283184e-6
ridge_rank_alpha10000,feature_40,bottom05_indicator,-0.003122732277407476,0.001633463481775732,0.0016321954633139457,-1.2680184617863688e-6
ridge_rank_alpha10000,feature_42,rank,0.0008515545383311431,0.001633463481775732,0.0016318027740546137,-1.6607077211183707e-6
ridge_rank_alpha10000,feature_30,rank,-0.001567012657374892,0.001633463481775732,0.0016316234479222258,-1.8400338535062843e-6
ridge_rank_alpha10000,feature_74,rank,-0.00040096460126527424,0.001633463481775732,0.0016316057240822746,-1.857757693457529e-6
ridge_rank_alpha10000,feature_40,positive_indicator,0.00046050362852903683,0.001633463481775732,0.0016314063008336932,-2.057180942038883e-6
ridge_rank_alpha10000,feature_13,z,-0.0016944967513835415,0.001633463481775732,0.0016313823651439296,-2.0811166318024377e-6
ridge_rank_alpha10000,feature_11,square_z,-0.000574595027645998,0.001633463481775732,0.0016313640014624653,-2.0994803132667883e-6
ridge_rank_alpha10000,feature_13,abs_z,-0.003061780540244954,0.001633463481775732,0.0016313033070042282,-2.1601747715038755e-6
ridge_rank_alpha10000,feature_76,sign,-0.00010748856117020994,0.001633463481775732,0.001631188179636478,-2.2753021392540873e-6
ridge_rank_alpha10000,feature_17,rank,-0.0003681244725912459,0.001633463481775732,0.0016311690912198529,-2.294390555879211e-6
ridge_rank_alpha10000,feature_68,z,0.001964604035508468,0.001633463481775732,0.001631092223406183,-2.3712583695489897e-6
ridge_rank_alpha10000,feature_29,sign,-0.004905095928301519,0.001633463481775732,0.0016309694070474334,-2.4940747282986564e-6
ridge_rank_alpha10000,feature_00,bottom05_indicator,0.001453936236891574,0.001633463481775732,0.0016309624353313401,-2.5010464443919744e-6
ridge_rank_alpha10000,feature_65,rank,0.0018302667467818418,0.001633463481775732,0.0016306973267482539,-2.7661550274782343e-6
ridge_rank_alpha10000,feature_67,signed_tail05,-0.0006971155050442011,0.001633463481775732,0.0016306749060560621,-2.78857571966995e-6
ridge_rank_alpha10000,feature_54,positive_indicator,0.010373708517206807,0.001633463481775732,0.0016306349023672562,-2.8285794084759175e-6
ridge_rank_alpha10000,feature_65,top05_indicator,0.005258575593190101,0.001633463481775732,0.0016305322835743485,-2.9311982013835447e-6
ridge_rank_alpha10000,feature_78,top05_indicator,-0.000438491503951224,0.001633463481775732,0.0016305204695712394,-2.9430122044926676e-6
ridge_rank_alpha10000,feature_63,bottom05_indicator,0.002834113983429659,0.001633463481775732,0.0016304392799562084,-3.0242018195236753e-6
ridge_rank_alpha10000,feature_32,square_z,0.00011173167433093963,0.001633463481775732,0.0016304304329948227,-3.0330487809093754e-6
ridge_rank_alpha10000,feature_11,abs_z,-0.0011447750012704924,0.001633463481775732,0.0016301271933917283,-3.336288384003794e-6
ridge_rank_alpha10000,feature_03,positive_indicator,0.0030918139624514156,0.001633463481775732,0.0016298046530647259,-3.6588287110062012e-6
ridge_rank_alpha10000,feature_45,square_z,-0.00036029137259231816,0.001633463481775732,0.0016295034700910538,-3.9600116846782996e-6
ridge_rank_alpha10000,feature_41,rank,-0.0007845351258543215,0.001633463481775732,0.0016293380253852296,-4.1254563905024355e-6
ridge_rank_alpha10000,feature_25,positive_indicator,-0.0023506682876437996,0.001633463481775732,0.0016290886814146477,-4.374800361084397e-6
ridge_rank_alpha10000,feature_00,positive_indicator,0.004619029507239906,0.001633463481775732,0.0016290453012514083,-4.418180524323745e-6
ridge_rank_alpha10000,feature_75,square_z,0.00008013290307260605,0.001633463481775732,0.0016290083144335776,-4.4551673421544535e-6
ridge_rank_alpha10000,feature_02,positive_indicator,0.0030888264341534916,0.001633463481775732,0.0016287335274869363,-4.729954288795746e-6
ridge_rank_alpha10000,feature_57,rank,0.0006402115524542757,0.001633463481775732,0.0016286100782542112,-4.85340352152086e-6
ridge_rank_alpha10000,feature_34,positive_indicator,-0.0011028727355017085,0.001633463481775732,0.0016283587589491777,-5.1047228265543865e-6
ridge_rank_alpha10000,feature_76,positive_indicator,-0.0003188256563126549,0.001633463481775732,0.0016283421979631507,-5.1212838125813676e-6
ridge_rank_alpha10000,feature_54,square_z,-0.0005768266653431324,0.001633463481775732,0.0016283206689476915,-5.142812828040633e-6
ridge_rank_alpha10000,feature_74,sign,-0.0016865181554761616,0.001633463481775732,0.0016278145559233126,-5.648925852419495e-6
ridge_rank_alpha10000,feature_53,abs_z,-0.000697749618908814,0.001633463481775732,0.0016276643289576675,-5.799152818064535e-6
ridge_rank_alpha10000,feature_13,top05_indicator,-0.0031380718336990643,0.001633463481775732,0.0016275753412478,-5.888140527932073e-6
ridge_rank_alpha10000,feature_72,rank,0.0013037441021801033,0.001633463481775732,0.0016274156241493642,-6.047857626367836e-6
ridge_rank_alpha10000,feature_26,abs_z,0.0026902449388518483,0.001633463481775732,0.0016272188342629779,-6.24464751275422e-6
ridge_rank_alpha10000,feature_35,sign,0.0010139211152605525,0.001633463481775732,0.001627189820833319,-6.273660942412995e-6
ridge_rank_alpha10000,feature_52,bottom05_indicator,-0.011544802345097364,0.001633463481775732,0.0016268392391007858,-6.6242426749463235e-6
ridge_rank_alpha10000,feature_08,abs_z,-0.007204763212381773,0.001633463481775732,0.001626663569490705,-6.7999122850270766e-6
ridge_rank_alpha10000,feature_66,positive_indicator,-0.002705838345790212,0.001633463481775732,0.0016266458627630653,-6.8176190126667535e-6
ridge_rank_alpha10000,feature_21,rank,-0.0015267609984653979,0.001633463481775732,0.0016263470100905675,-7.116471685164605e-6
ridge_rank_alpha10000,feature_04,square_z,0.0014465823885907417,0.001633463481775732,0.0016261593147207654,-7.304167054966726e-6
ridge_rank_alpha10000,feature_72,square_z,-0.0016424588321870513,0.001633463481775732,0.0016260572708692855,-7.406210906446553e-6
ridge_rank_alpha10000,feature_68,bottom05_indicator,-0.004008290943432671,0.001633463481775732,0.0016255167299996653,-7.94675177606674e-6
ridge_rank_alpha10000,feature_42,sign,-0.0008477565399785083,0.001633463481775732,0.0016254010288955234,-8.062452880208681e-6
ridge_rank_alpha10000,feature_11,z,-0.0011060789172941498,0.001633463481775732,0.001624883308449565,-8.580173326167007e-6
ridge_rank_alpha10000,feature_38,positive_indicator,0.002552259903971951,0.001633463481775732,0.0016247031021497937,-8.760379625938342e-6
ridge_rank_alpha10000,feature_15,top05_indicator,-0.004393505575815168,0.001633463481775732,0.00162453310908528,-8.93037269045216e-6
ridge_rank_alpha10000,feature_48,signed_tail05,-0.0029365951470728666,0.001633463481775732,0.0016245152495972803,-8.948232178451754e-6
ridge_rank_alpha10000,feature_64,positive_indicator,0.012115121871548028,0.001633463481775732,0.0016239900121077788,-9.47346966795326e-6
ridge_rank_alpha10000,feature_63,rank,-0.0017143050140504745,0.001633463481775732,0.0016238928599748848,-9.570621800847334e-6
ridge_rank_alpha10000,feature_42,positive_indicator,-0.0009475732736958148,0.001633463481775732,0.0016238549624917331,-9.608519283998973e-6
ridge_rank_alpha10000,feature_40,sign,0.0004876560084945598,0.001633463481775732,0.0016238341670767875,-9.629314698944569e-6
ridge_rank_alpha10000,feature_14,positive_indicator,-0.004597369635711756,0.001633463481775732,0.0016236684824885161,-9.794999287215944e-6
ridge_rank_alpha10000,feature_02,abs_z,0.0022614525570948036,0.001633463481775732,0.0016230234957023137,-0.00001043998607341834
ridge_rank_alpha10000,feature_62,z,0.00176319775991411,0.001633463481775732,0.001622998642451079,-0.000010464839324653141
ridge_rank_alpha10000,feature_12,rank,-0.009406860706764822,0.001633463481775732,0.0016228362232811877,-0.000010627258494544378
ridge_rank_alpha10000,feature_68,top05_indicator,-0.003481654185014155,0.001633463481775732,0.0016226551762339447,-0.000010808305541787355
ridge_rank_alpha10000,feature_49,bottom05_indicator,-0.0025937155483312913,0.001633463481775732,0.0016221374301071956,-0.000011326051668536508
ridge_rank_alpha10000,feature_13,bottom05_indicator,0.01097698722062347,0.001633463481775732,0.0016220625090085372,-0.000011400972767194872
ridge_rank_alpha10000,feature_71,sign,-0.0008670127075053801,0.001633463481775732,0.0016219482166480725,-0.000011515265127659546
ridge_rank_alpha10000,feature_30,signed_tail05,0.008613847723417459,0.001633463481775732,0.0016216343525686794,-0.000011829129207052702
ridge_rank_alpha10000,feature_60,abs_z,-0.000238279088894186,0.001633463481775732,0.001621154408268377,-0.000012309073507354995
ridge_rank_alpha10000,feature_77,rank,-0.002453233442055638,0.001633463481775732,0.0016210946719541486,-0.000012368809821583504
ridge_rank_alpha10000,feature_61,bottom05_indicator,0.008381077709854214,0.001633463481775732,0.001620871530288448,-0.000012591951487284092
ridge_rank_alpha10000,feature_08,square_z,-0.0026205591892145834,0.001633463481775732,0.0016206524189610327,-0.000012811062814699348
ridge_rank_alpha10000,feature_10,z,-0.002087455089389273,0.001633463481775732,0.0016206369786284647,-0.00001282650314726741
ridge_rank_alpha10000,feature_31,bottom05_indicator,0.027182313978289414,0.001633463481775732,0.0016203729185431115,-0.000013090563232620589
ridge_rank_alpha10000,feature_09,rank,-0.0046177519895573985,0.001633463481775732,0.0016202840154689868,-0.000013179466306745269
ridge_rank_alpha10000,feature_18,z,-0.0007434784484858748,0.001633463481775732,0.0016200800060357512,-0.000013383475739980888
ridge_rank_alpha10000,feature_60,bottom05_indicator,-0.0020469996195894235,0.001633463481775732,0.0016199556918862212,-0.000013507789889510846
ridge_rank_alpha10000,feature_29,abs_z,-0.001263901664553368,0.001633463481775732,0.0016198409156293891,-0.00001362256614634294
ridge_rank_alpha10000,feature_78,rank,-0.001697049924582563,0.001633463481775732,0.0016198091244907786,-0.000013654357284953456
ridge_rank_alpha10000,feature_54,abs_z,-0.0011265977652478586,0.001633463481775732,0.0016195917273480465,-0.000013871754427685623
ridge_rank_alpha10000,feature_17,top05_indicator,-0.006696303757117936,0.001633463481775732,0.0016183569788256191,-0.000015106502950112954
ridge_rank_alpha10000,feature_00,signed_tail05,0.001285677559786723,0.001633463481775732,0.0016175177953139386,-0.000015945686461793507
ridge_rank_alpha10000,feature_73,bottom05_indicator,-0.008130957576884075,0.001633463481775732,0.0016171204259710636,-0.000016343055804668438
ridge_rank_alpha10000,feature_41,positive_indicator,-0.0008295191228674103,0.001633463481775732,0.0016166036136440187,-0.000016859868131713363
ridge_rank_alpha10000,feature_62,positive_indicator,-0.015389617880426294,0.001633463481775732,0.0016163808444079608,-0.00001708263736777127
ridge_rank_alpha10000,feature_36,sign,-0.015183349330508517,0.001633463481775732,0.0016155779722566432,-0.00001788550951908885
ridge_rank_alpha10000,feature_43,rank,0.009464446594860475,0.001633463481775732,0.0016154413008596658,-0.000018022180916066333
ridge_rank_alpha10000,feature_11,rank,-0.004009886099282073,0.001633463481775732,0.0016145649471851486,-0.000018898534590583438
ridge_rank_alpha10000,feature_10,rank,-0.009664824138356507,0.001633463481775732,0.0016142462441749439,-0.000019217237600788195
ridge_rank_alpha10000,feature_27,top05_indicator,0.020114360757800365,0.001633463481775732,0.001613691093569014,-0.000019772388206718006
ridge_rank_alpha10000,feature_33,positive_indicator,-0.005648105798780533,0.001633463481775732,0.0016132885441992872,-0.00002017493757644484
ridge_rank_alpha10000,feature_10,signed_tail05,-0.0039716780371525495,0.001633463481775732,0.0016132481836375057,-0.000020215298138226423
ridge_rank_alpha10000,feature_64,z,0.005932210568996522,0.001633463481775732,0.0016130579155613223,-0.00002040556621440981
ridge_rank_alpha10000,feature_29,rank,0.00272181012160304,0.001633463481775732,0.0016128487593167762,-0.000020614722458955903
ridge_rank_alpha10000,feature_25,rank,0.005105656381457776,0.001633463481775732,0.0016127767015199357,-0.0000206867802557964
ridge_rank_alpha10000,feature_26,positive_indicator,0.00238749104009933,0.001633463481775732,0.001612764780884124,-0.00002069870089160819
ridge_rank_alpha10000,feature_00,abs_z,0.001306896727245329,0.001633463481775732,0.0016126067808700517,-0.00002085670090568037
ridge_rank_alpha10000,feature_49,rank,-0.016808566017679487,0.001633463481775732,0.0016122062886777533,-0.0000212571930979788
ridge_rank_alpha10000,feature_13,signed_tail05,-0.007181104196512868,0.001633463481775732,0.0016120553826635131,-0.00002140809911221897
ridge_rank_alpha10000,feature_15,square_z,-0.0014737898963738867,0.001633463481775732,0.0016120247095897655,-0.00002143877218596657
ridge_rank_alpha10000,feature_71,positive_indicator,-0.0018458014453423715,0.001633463481775732,0.0016110947488036098,-0.000022368732972122274
ridge_rank_alpha10000,feature_57,square_z,-0.00323586351655909,0.001633463481775732,0.0016110661169685958,-0.000022397364807136277
ridge_rank_alpha10000,feature_16,top05_indicator,-0.010319545282551147,0.001633463481775732,0.0016105631725870095,-0.000022900309188722545
ridge_rank_alpha10000,feature_46,z,0.0011843085811237778,0.001633463481775732,0.0016105414871622203,-0.000022921994613511743
ridge_rank_alpha10000,feature_43,top05_indicator,0.041107803593387116,0.001633463481775732,0.001610393338472349,-0.000023070143303383084
ridge_rank_alpha10000,feature_65,positive_indicator,0.00365126579642347,0.001633463481775732,0.0016100953173526777,-0.00002336816442305434
ridge_rank_alpha10000,feature_25,abs_z,0.0012313232000573146,0.001633463481775732,0.0016100865422906674,-0.000023376939485064696
ridge_rank_alpha10000,feature_70,rank,-0.01143008433387077,0.001633463481775732,0.0016100786569150927,-0.00002338482486063942
ridge_rank_alpha10000,feature_74,signed_tail05,-0.009529062830162928,0.001633463481775732,0.0016099536141969129,-0.000023509867578819232
ridge_rank_alpha10000,feature_38,rank,0.008124770181135136,0.001633463481775732,0.001609906405598438,-0.00002355707617729408
ridge_rank_alpha10000,feature_42,signed_tail05,0.029340471064566755,0.001633463481775732,0.0016094985663085426,-0.000023964915467189485
ridge_rank_alpha10000,feature_58,sign,-0.0051648452361871865,0.001633463481775732,0.0016089172312162558,-0.000024546250559476235
ridge_rank_alpha10000,feature_17,sign,0.003580031814808713,0.001633463481775732,0.001608748729320042,-0.000024714752455690103
ridge_rank_alpha10000,feature_77,top05_indicator,-0.003661007508520451,0.001633463481775732,0.0016085124144531449,-0.000024951067322587228
ridge_rank_alpha10000,feature_35,square_z,0.000877829393161013,0.001633463481775732,0.0016085099932294789,-0.000024953488546253233
ridge_rank_alpha10000,feature_17,bottom05_indicator,-0.014675612819169374,0.001633463481775732,0.0016084341387461176,-0.00002502934302961446
ridge_rank_alpha10000,feature_15,sign,0.004178731201205365,0.001633463481775732,0.001608367825693846,-0.00002509565608188602
ridge_rank_alpha10000,feature_77,bottom05_indicator,-0.015467882822097474,0.001633463481775732,0.0016082668363902597,-0.000025196645385472394
ridge_rank_alpha10000,feature_57,top05_indicator,0.016399870128121295,0.001633463481775732,0.0016080982634018026,-0.000025365218373929466
ridge_rank_alpha10000,feature_16,rank,-0.005668199831947828,0.001633463481775732,0.001607954803242495,-0.000025508678533237017
ridge_rank_alpha10000,feature_69,rank,-0.013152752458795174,0.001633463481775732,0.0016078867591713397,-0.000025576722604392366
ridge_rank_alpha10000,feature_61,signed_tail05,-0.0023472644595048876,0.001633463481775732,0.0016075696103743375,-0.00002589387140139454
ridge_rank_alpha10000,feature_41,sign,-0.0008734128896056871,0.001633463481775732,0.0016074466307002266,-0.000026016851075505443
ridge_rank_alpha10000,feature_64,sign,0.0018210678921069072,0.001633463481775732,0.0016069956316863143,-0.000026467850089417766
ridge_rank_alpha10000,feature_27,rank,0.003528274659157623,0.001633463481775732,0.0016061271317184822,-0.00002733635005724988
ridge_rank_alpha10000,feature_19,positive_indicator,-0.002362443060155616,0.001633463481775732,0.001605769774167376,-0.0000276937076083561
ridge_rank_alpha10000,feature_32,positive_indicator,0.0025064130324451237,0.001633463481775732,0.0016054000429731596,-0.00002806343880257245
ridge_rank_alpha10000,feature_21,positive_indicator,-0.0014238555676458794,0.001633463481775732,0.0016048389183626055,-0.00002862456341312658
ridge_rank_alpha10000,feature_31,positive_indicator,-0.0014238555676458794,0.001633463481775732,0.0016048389183626055,-0.00002862456341312658
ridge_rank_alpha10000,feature_54,signed_tail05,0.03585043132197203,0.001633463481775732,0.0016041229660073153,-0.000029340515768416786
ridge_rank_alpha10000,feature_30,sign,0.004604657199412559,0.001633463481775732,0.001603652557374713,-0.00002981092440101918
ridge_rank_alpha10000,feature_33,bottom05_indicator,-0.00577615166496544,0.001633463481775732,0.001603397055672806,-0.00003006642610292598
ridge_rank_alpha10000,feature_42,z,0.003613130115641287,0.001633463481775732,0.0016031830633443933,-0.000030280418431338774
ridge_rank_alpha10000,feature_57,abs_z,-0.002322066574759475,0.001633463481775732,0.0016031401680652868,-0.000030323313710445277
ridge_rank_alpha10000,feature_24,positive_indicator,-0.0018702754268074854,0.001633463481775732,0.0016030425063310316,-0.00003042097544470046
ridge_rank_alpha10000,feature_19,sign,-0.0023835856950276853,0.001633463481775732,0.001602757325258164,-0.00003070615651756814
ridge_rank_alpha10000,feature_16,z,-0.0013596913948000417,0.001633463481775732,0.001602129244074435,-0.00003133423770129706
ridge_rank_alpha10000,feature_40,signed_tail05,0.018906504927319545,0.001633463481775732,0.001601909371792276,-0.00003155410998345598
ridge_rank_alpha10000,feature_51,abs_z,-0.002688309986322551,0.001633463481775732,0.0016018625700251476,-0.00003160091175058444
ridge_rank_alpha10000,feature_02,square_z,0.0007022922376509674,0.001633463481775732,0.0016010650557266581,-0.00003239842604907395
ridge_rank_alpha10000,feature_62,abs_z,0.003707857931022839,0.001633463481775732,0.0016010082719509766,-0.00003245520982475547
ridge_rank_alpha10000,feature_28,top05_indicator,-0.007741050054760964,0.001633463481775732,0.0016008294343198282,-0.000032634047455903925
ridge_rank_alpha10000,feature_12,positive_indicator,-0.01096148550854383,0.001633463481775732,0.0016005923061152005,-0.00003287117566053155
ridge_rank_alpha10000,feature_25,z,0.001343267959695784,0.001633463481775732,0.0015997206136114661,-0.00003374286816426597
ridge_rank_alpha10000,feature_78,sign,-0.00248455736934104,0.001633463481775732,0.0015992218055187468,-0.000034241676256985265
ridge_rank_alpha10000,feature_09,z,-0.0034072991493061425,0.001633463481775732,0.0015988962812933938,-0.0000345672004823383
ridge_rank_alpha10000,feature_47,sign,-0.0037159624290151643,0.001633463481775732,0.0015986250878631258,-0.000034838393912606236
ridge_rank_alpha10000,feature_39,z,-0.0006536329775076963,0.001633463481775732,0.0015982976419216532,-0.00003516583985407884
ridge_rank_alpha10000,feature_67,bottom05_indicator,-0.02336204712818995,0.001633463481775732,0.0015975090479852794,-0.00003595443379045271
ridge_rank_alpha10000,feature_47,positive_indicator,-0.0036049977727130645,0.001633463481775732,0.0015973993669097242,-0.00003606411486600791
ridge_rank_alpha10000,feature_09,abs_z,-0.0030948323674499134,0.001633463481775732,0.0015973050321732574,-0.00003615844960247472
ridge_rank_alpha10000,feature_03,sign,0.0034024427763730677,0.001633463481775732,0.0015973029061471244,-0.00003616057562860764
ridge_rank_alpha10000,feature_16,bottom05_indicator,0.01951370900589884,0.001633463481775732,0.0015971123440545743,-0.000036351137721157833
ridge_rank_alpha10000,feature_73,abs_z,-0.001333396547689136,0.001633463481775732,0.0015968166640648596,-0.000036646817710872526
ridge_rank_alpha10000,feature_31,rank,-0.005160818597682667,0.001633463481775732,0.0015967348057875919,-0.000036728675988140225
ridge_rank_alpha10000,feature_74,positive_indicator,-0.004608315385205492,0.001633463481775732,0.0015966868006687118,-0.00003677668110702026
ridge_rank_alpha10000,feature_60,positive_indicator,-0.003254786641417325,0.001633463481775732,0.0015962918537670845,-0.000037171628008647595
ridge_rank_alpha10000,feature_31,square_z,0.00009919663815459764,0.001633463481775732,0.001595998022628553,-0.000037465459147179025
ridge_rank_alpha10000,feature_28,signed_tail05,-0.004222838635115235,0.001633463481775732,0.0015953930853447318,-0.0000380703964310003
ridge_rank_alpha10000,feature_53,rank,0.0185850912672521,0.001633463481775732,0.001594884585505607,-0.00003857889627012501
ridge_rank_alpha10000,feature_02,sign,0.003417149992230557,0.001633463481775732,0.0015946537266871008,-0.00003880975508863127
ridge_rank_alpha10000,feature_04,sign,-0.01377018703699462,0.001633463481775732,0.0015945954829602593,-0.00003886799881547276
ridge_rank_alpha10000,feature_60,sign,-0.0032409427919402713,0.001633463481775732,0.0015945117779866402,-0.00003895170378909185
ridge_rank_alpha10000,feature_58,positive_indicator,-0.005159165634475205,0.001633463481775732,0.0015937730717493492,-0.00003969041002638285
ridge_rank_alpha10000,feature_67,sign,-0.004387714955451019,0.001633463481775732,0.0015932475899611553,-0.00004021589181457674
ridge_rank_alpha10000,feature_03,abs_z,0.0021651021491212643,0.001633463481775732,0.0015931251885459297,-0.000040338293229802424
ridge_rank_alpha10000,feature_25,square_z,0.0006318297882332439,0.001633463481775732,0.001592736983815568,-0.00004072649796016403
ridge_rank_alpha10000,feature_00,square_z,0.000430968978267056,0.001633463481775732,0.0015922828274995693,-0.0000411806542761628
ridge_rank_alpha10000,feature_35,bottom05_indicator,-0.018281466065670222,0.001633463481775732,0.001590859138737466,-0.0000426043430382661
ridge_rank_alpha10000,feature_29,positive_indicator,-0.011042090200079726,0.001633463481775732,0.0015903035261134457,-0.000043159955662286364
ridge_rank_alpha10000,feature_66,bottom05_indicator,-0.029252988785086642,0.001633463481775732,0.001589705431411459,-0.00004375805036427316
ridge_rank_alpha10000,feature_70,signed_tail05,-0.014270972804131792,0.001633463481775732,0.0015896439794113038,-0.00004381950236442833
ridge_rank_alpha10000,feature_21,sign,-0.0015298049511404015,0.001633463481775732,0.001589172414589668,-0.000044291067186064126
ridge_rank_alpha10000,feature_31,sign,-0.0015298049511404015,0.001633463481775732,0.001589172414589668,-0.000044291067186064126
ridge_rank_alpha10000,feature_43,square_z,-0.0016691213489773676,0.001633463481775732,0.0015887775224309175,-0.00004468595934481456
ridge_rank_alpha10000,feature_66,signed_tail05,-0.014664669618164929,0.001633463481775732,0.0015887156540796976,-0.00004474782769603447
ridge_rank_alpha10000,feature_00,sign,0.005083076131024179,0.001633463481775732,0.0015882707164991405,-0.00004519276527659155
ridge_rank_alpha10000,feature_40,top05_indicator,0.033524617478848745,0.001633463481775732,0.001588169943425477,-0.00004529353835025507
ridge_rank_alpha10000,feature_38,sign,0.0026465034249070086,0.001633463481775732,0.0015877916469655418,-0.000045671834810190326
ridge_rank_alpha10000,feature_41,z,-0.0020759351540062436,0.001633463481775732,0.0015877631397510639,-0.00004570034202466822
ridge_rank_alpha10000,feature_53,z,0.006977583602387196,0.001633463481775732,0.0015873133833435027,-0.00004615009843222939
ridge_rank_alpha10000,feature_24,sign,-0.002266749619689315,0.001633463481775732,0.0015869326059803068,-0.00004653087579542525
ridge_rank_alpha10000,feature_76,z,-0.0017171247425489323,0.001633463481775732,0.0015861231124240094,-0.0000473403693517227
ridge_rank_alpha10000,feature_26,square_z,0.0015619636075462613,0.001633463481775732,0.0015858156829571257,-0.00004764779881860637
ridge_rank_alpha10000,feature_62,bottom05_indicator,0.005028299808760717,0.001633463481775732,0.0015856508692706495,-0.00004781261250508262
ridge_rank_alpha10000,feature_27,z,0.001737510829660432,0.001633463481775732,0.0015849918256078954,-0.00004847165616783666
ridge_rank_alpha10000,feature_53,sign,0.0073937303013941955,0.001633463481775732,0.0015843826046224585,-0.00004908087715327358
ridge_rank_alpha10000,feature_70,positive_indicator,-0.014408448298617534,0.001633463481775732,0.0015842166098508637,-0.00004924687192486843
ridge_rank_alpha10000,feature_63,abs_z,0.00874863231433667,0.001633463481775732,0.0015841573120392027,-0.00004930616973652935
ridge_rank_alpha10000,feature_03,bottom05_indicator,0.014838317578477483,0.001633463481775732,0.0015836003404077204,-0.00004986314136801173
ridge_rank_alpha10000,feature_73,sign,-0.00262000144938968,0.001633463481775732,0.0015827530475898133,-0.00005071043418591881
ridge_rank_alpha10000,feature_40,rank,0.010071501398462007,0.001633463481775732,0.0015822213895224646,-0.00005124209225326748
ridge_rank_alpha10000,feature_43,abs_z,-0.0034202142121727776,0.001633463481775732,0.0015819280949312953,-0.000051535386844436815
ridge_rank_alpha10000,feature_43,z,0.006066585534858993,0.001633463481775732,0.0015819056238151052,-0.00005155785796062684
ridge_rank_alpha10000,feature_01,signed_tail05,-0.01007988825947326,0.001633463481775732,0.0015811725994450132,-0.00005229088233071888
ridge_rank_alpha10000,feature_14,signed_tail05,-0.022916800947622773,0.001633463481775732,0.0015797808639378408,-0.0000536826178378913
ridge_rank_alpha10000,feature_71,square_z,0.00032517577475899354,0.001633463481775732,0.001579725939440224,-0.00005373754233550798
ridge_rank_alpha10000,feature_73,square_z,-0.00024461019738386005,0.001633463481775732,0.0015782692480394989,-0.00005519423373623322
ridge_rank_alpha10000,feature_55,signed_tail05,0.006829869918281668,0.001633463481775732,0.0015776185824593059,-0.00005584489931642622
ridge_rank_alpha10000,feature_75,abs_z,-0.0024522705018223748,0.001633463481775732,0.0015775612076617263,-0.000055902274114005834
ridge_rank_alpha10000,feature_16,signed_tail05,-0.015607212092308791,0.001633463481775732,0.0015775297403584077,-0.000055933741417324434
ridge_rank_alpha10000,feature_01,positive_indicator,-0.002363739066062933,0.001633463481775732,0.001577181359430413,-0.00005628212234531915
ridge_rank_alpha10000,feature_72,bottom05_indicator,-0.01549120561642021,0.001633463481775732,0.001576696601915506,-0.000056766879860226105
ridge_rank_alpha10000,feature_40,z,0.0041683750696740775,0.001633463481775732,0.001576389209513973,-0.000057074272261758985
ridge_rank_alpha10000,feature_69,signed_tail05,-0.020241966811040242,0.001633463481775732,0.0015752754404780855,-0.00005818804129764654
ridge_rank_alpha10000,feature_00,top05_indicator,0.003963787472346362,0.001633463481775732,0.0015749070286376066,-0.00005855645313812552
ridge_rank_alpha10000,feature_21,square_z,0.0002814323573384783,0.001633463481775732,0.001574461657547599,-0.00005900182422813316
ridge_rank_alpha10000,feature_45,bottom05_indicator,0.010970525320575296,0.001633463481775732,0.0015736048290200255,-0.000059858652755706565
ridge_rank_alpha10000,feature_73,signed_tail05,-0.01067268986333633,0.001633463481775732,0.0015735221162016533,-0.00005994136557407881
ridge_rank_alpha10000,feature_56,positive_indicator,-0.0041837878529063155,0.001633463481775732,0.0015729310819326825,-0.00006053239984304959
ridge_rank_alpha10000,feature_42,bottom05_indicator,-0.036372941251200684,0.001633463481775732,0.0015713982588247966,-0.00006206522295093553
ridge_rank_alpha10000,feature_41,abs_z,-0.0041660607332734655,0.001633463481775732,0.001571325917653077,-0.00006213756412265514
ridge_rank_alpha10000,feature_25,bottom05_indicator,0.010750642996391677,0.001633463481775732,0.001570975574504474,-0.00006248790727125808
ridge_rank_alpha10000,feature_38,bottom05_indicator,-0.012355273614360913,0.001633463481775732,0.0015708956498233784,-0.00006256783195235371
ridge_rank_alpha10000,feature_33,abs_z,-0.0024334297743805163,0.001633463481775732,0.0015706102819141865,-0.00006285319986154558
ridge_rank_alpha10000,feature_12,square_z,-0.0014133194216958919,0.001633463481775732,0.001570334081141933,-0.00006312940063379902
ridge_rank_alpha10000,feature_01,square_z,0.0029115384190271116,0.001633463481775732,0.001570024256354552,-0.00006343922542118019
ridge_rank_alpha10000,feature_69,sign,-0.0066765872045526885,0.001633463481775732,0.0015698293280882458,-0.00006363415368748626
ridge_rank_alpha10000,feature_78,square_z,0.00034187031088657335,0.001633463481775732,0.0015689658424232755,-0.00006449763935245656
ridge_rank_alpha10000,feature_14,square_z,-0.0017120665888350026,0.001633463481775732,0.00156662984851208,-0.0000668336332636521
ridge_rank_alpha10000,feature_06,sign,-0.013938083052785943,0.001633463481775732,0.0015652128262148013,-0.0000682506555609308
ridge_rank_alpha10000,feature_19,abs_z,-0.005054139086993861,0.001633463481775732,0.0015646658718231343,-0.00006879760995259776
ridge_rank_alpha10000,feature_70,square_z,-0.0015033955629844711,0.001633463481775732,0.0015645745928549726,-0.0000688888889207595
ridge_rank_alpha10000,feature_36,abs_z,0.0042314930259351345,0.001633463481775732,0.0015644724870811366,-0.00006899099469459546
ridge_rank_alpha10000,feature_56,sign,-0.0038748561122977287,0.001633463481775732,0.0015638424488997327,-0.00006962103287599941
ridge_rank_alpha10000,feature_77,sign,-0.0036113402189207142,0.001633463481775732,0.001563407446446674,-0.00007005603532905802
ridge_rank_alpha10000,feature_27,positive_indicator,0.006184295910934925,0.001633463481775732,0.0015626773288828222,-0.0000707861528929099
ridge_rank_alpha10000,feature_00,rank,0.01849501970413341,0.001633463481775732,0.0015602775229320853,-0.00007318595884364676
ridge_rank_alpha10000,feature_68,square_z,0.0004750300898163129,0.001633463481775732,0.0015598951272356443,-0.00007356835454008781
ridge_rank_alpha10000,feature_09,signed_tail05,-0.012100873739078375,0.001633463481775732,0.0015596645917037577,-0.00007379889007197438
ridge_rank_alpha10000,feature_26,sign,0.0026752635887595765,0.001633463481775732,0.0015572755993535914,-0.0000761878824221407
ridge_rank_alpha10000,feature_51,square_z,-0.0027202266568335646,0.001633463481775732,0.001556839052288539,-0.00007662442948719317
ridge_rank_alpha10000,feature_67,positive_indicator,-0.007590290576293704,0.001633463481775732,0.001555967041571682,-0.00007749644020405011
ridge_rank_alpha10000,feature_21,signed_tail05,0.009064503659905252,0.001633463481775732,0.0015548880560989353,-0.00007857542567679676
ridge_rank_alpha10000,feature_63,positive_indicator,0.03537755825173038,0.001633463481775732,0.0015548089305235102,-0.00007865455125222187
ridge_rank_alpha10000,feature_02,rank,0.02057268456848843,0.001633463481775732,0.0015544322946366984,-0.00007903118713903368
ridge_rank_alpha10000,feature_41,signed_tail05,-0.012980959412089784,0.001633463481775732,0.0015543848682324501,-0.00007907861354328194
ridge_rank_alpha10000,feature_34,rank,0.009623808172691038,0.001633463481775732,0.001554072921082117,-0.00007939056069361516
ridge_rank_alpha10000,feature_65,sign,0.003546554066921098,0.001633463481775732,0.0015499478169261893,-0.00008351566484954276
ridge_rank_alpha10000,feature_57,z,0.0034923971561913753,0.001633463481775732,0.0015497511884166038,-0.00008371229335912833
ridge_rank_alpha10000,feature_01,sign,-0.0023275268457186088,0.001633463481775732,0.0015486141376970242,-0.00008484934407870792
ridge_rank_alpha10000,feature_15,signed_tail05,-0.013497635074872397,0.001633463481775732,0.0015484893360173668,-0.00008497414575836526
ridge_rank_alpha10000,feature_26,bottom05_indicator,-0.009273217266844404,0.001633463481775732,0.001547851939065814,-0.000085611542709918
ridge_rank_alpha10000,feature_66,abs_z,-0.006926694777223154,0.001633463481775732,0.0015476073179161443,-0.00008585616385958783
ridge_rank_alpha10000,feature_03,square_z,0.0009422008412979991,0.001633463481775732,0.0015468151779679529,-0.00008664830380777921
ridge_rank_alpha10000,feature_76,abs_z,-0.0032609504269709008,0.001633463481775732,0.0015464592076537276,-0.00008700427412200451
ridge_rank_alpha10000,feature_24,top05_indicator,0.005187280414461123,0.001633463481775732,0.0015431170068745947,-0.00009034647490113734
ridge_rank_alpha10000,feature_78,positive_indicator,-0.006658382787586668,0.001633463481775732,0.0015428059187575505,-0.00009065756301818162
ridge_rank_alpha10000,feature_36,positive_indicator,-0.015183724858175462,0.001633463481775732,0.0015425494853333888,-0.00009091399644234333
ridge_rank_alpha10000,feature_03,top05_indicator,0.010243794626436188,0.001633463481775732,0.0015409619333925928,-0.00009250154838313929
ridge_rank_alpha10000,feature_32,rank,0.0062121140301696215,0.001633463481775732,0.0015408120251028112,-0.00009265145667292085
ridge_rank_alpha10000,feature_33,square_z,-0.0015520901596994944,0.001633463481775732,0.0015405632734777353,-0.00009290020829799683
ridge_rank_alpha10000,feature_74,square_z,-0.00036695119625809123,0.001633463481775732,0.0015399961039194165,-0.00009346737785631554
ridge_rank_alpha10000,feature_03,rank,0.021465774975296226,0.001633463481775732,0.001539830259197128,-0.00009363322257860407
ridge_rank_alpha10000,feature_58,top05_indicator,-0.009424767267321109,0.001633463481775732,0.001538249828734739,-0.00009521365304099305
ridge_rank_alpha10000,feature_09,square_z,-0.0035679364118787627,0.001633463481775732,0.0015382029230510685,-0.00009526055872466355
ridge_rank_alpha10000,feature_04,positive_indicator,-0.01371066876975091,0.001633463481775732,0.0015373798473533595,-0.00009608363442237255
ridge_rank_alpha10000,feature_54,sign,0.010773989196653264,0.001633463481775732,0.0015360266334448758,-0.00009743684833085631
ridge_rank_alpha10000,feature_54,top05_indicator,0.04042205504713489,0.001633463481775732,0.0015344838254706117,-0.0000989796563051204
ridge_rank_alpha10000,feature_05,z,-0.0017683652173953654,0.001633463481775732,0.0015340637904771581,-0.00009939969129857396
ridge_rank_alpha10000,feature_26,rank,0.008639601592067886,0.001633463481775732,0.001533865943717183,-0.00009959753805854898
ridge_rank_alpha10000,feature_74,top05_indicator,-0.03386552861526614,0.001633463481775732,0.0015336656025779494,-0.00009979787919778271
ridge_rank_alpha10000,feature_19,square_z,-0.0037692924555302394,0.001633463481775732,0.0015325161575754365,-0.00010094732420029562
ridge_rank_alpha10000,feature_15,bottom05_indicator,0.01898504619108504,0.001633463481775732,0.001532102578155503,-0.00010136090362022898
ridge_rank_alpha10000,feature_18,signed_tail05,-0.00999179236880955,0.001633463481775732,0.0015320453005079893,-0.00010141818126774282
ridge_rank_alpha10000,feature_01,bottom05_indicator,0.015114967870178875,0.001633463481775732,0.0015318174979445098,-0.00010164598383122225
ridge_rank_alpha10000,feature_20,signed_tail05,0.00615892157425842,0.001633463481775732,0.0015311694028525835,-0.00010229407892314857
ridge_rank_alpha10000,feature_54,rank,0.04158635455084827,0.001633463481775732,0.0015311516205176456,-0.00010231186125808645
ridge_rank_alpha10000,feature_32,z,0.002026131379493051,0.001633463481775732,0.0015310875810264912,-0.00010237590074924086
ridge_rank_alpha10000,feature_02,z,0.004529998595339263,0.001633463481775732,0.001529673729054104,-0.00010378975272162805
ridge_rank_alpha10000,feature_32,sign,0.0032441786315972115,0.001633463481775732,0.001527722728616121,-0.00010574075315961107
ridge_rank_alpha10000,feature_76,rank,-0.01439510305359503,0.001633463481775732,0.0015246841447201787,-0.00010877933705555343
ridge_rank_alpha10000,feature_74,abs_z,-0.0030683754080234123,0.001633463481775732,0.001524048214366358,-0.00010941526740937402
ridge_rank_alpha10000,feature_06,positive_indicator,-0.014156274011847601,0.001633463481775732,0.0015238304933523628,-0.00010963298842336933
ridge_rank_alpha10000,feature_01,z,-0.00518280738922654,0.001633463481775732,0.0015235320178489387,-0.00010993146392679343
ridge_rank_alpha10000,feature_29,signed_tail05,0.012422357907602054,0.001633463481775732,0.0015183933559735907,-0.00011507012580214138
ridge_rank_alpha10000,feature_54,z,0.012595923044601921,0.001633463481775732,0.0015180140541494191,-0.00011544942762631294
ridge_rank_alpha10000,feature_02,top05_indicator,0.010571860913948128,0.001633463481775732,0.001518003788019251,-0.00011545969375648113
ridge_rank_alpha10000,feature_44,signed_tail05,0.02660287514793717,0.001633463481775732,0.0015172606944203748,-0.00011620278735535727
ridge_rank_alpha10000,feature_32,top05_indicator,0.014163407823247135,0.001633463481775732,0.0015161167898982697,-0.00011734669187746238
ridge_rank_alpha10000,feature_73,positive_indicator,-0.007130841117348177,0.001633463481775732,0.0015153163346309784,-0.00011814714714475372
ridge_rank_alpha10000,feature_43,bottom05_indicator,-0.03792095612582685,0.001633463481775732,0.0015143839954598892,-0.00011907948631584286
ridge_rank_alpha10000,feature_02,signed_tail05,0.011870429415617343,0.001633463481775732,0.0015139596379268871,-0.00011950384384884494
ridge_rank_alpha10000,feature_32,signed_tail05,0.015451522203447997,0.001633463481775732,0.0015136323695806864,-0.00011983111219504572
ridge_rank_alpha10000,feature_21,top05_indicator,0.015078641531800788,0.001633463481775732,0.0015131150162916995,-0.00012034846548403255
ridge_rank_alpha10000,feature_56,bottom05_indicator,0.033034219791761514,0.001633463481775732,0.0015105155621960575,-0.00012294791957967455
ridge_rank_alpha10000,feature_62,square_z,0.0011344865441266546,0.001633463481775732,0.0015085158942609311,-0.00012494758751480095
ridge_rank_alpha10000,feature_47,bottom05_indicator,-0.041922390634982466,0.001633463481775732,0.001505564370421153,-0.0001278991113545791
ridge_rank_alpha10000,feature_70,top05_indicator,-0.041553171236259026,0.001633463481775732,0.001504928306803044,-0.00012853517497268818
ridge_rank_alpha10000,feature_55,positive_indicator,0.008011487933422932,0.001633463481775732,0.0015048532558689098,-0.00012861022590682225
ridge_rank_alpha10000,feature_69,positive_indicator,-0.01268267574706742,0.001633463481775732,0.0015019565228180376,-0.00013150695895769449
ridge_rank_alpha10000,feature_56,top05_indicator,-0.01513670524264036,0.001633463481775732,0.0015008831102548692,-0.00013258037152086288
ridge_rank_alpha10000,feature_29,bottom05_indicator,-0.014173968717435535,0.001633463481775732,0.0014994100450432812,-0.00013405343673245085
ridge_rank_alpha10000,feature_18,square_z,0.006412926458665084,0.001633463481775732,0.0014992042660852967,-0.00013425921569043542
ridge_rank_alpha10000,feature_35,rank,0.012619558649660917,0.001633463481775732,0.0014983039215421545,-0.00013515956023357756
ridge_rank_alpha10000,feature_63,sign,0.006337651390416771,0.001633463481775732,0.0014959909914152858,-0.0001374724903604463
ridge_rank_alpha10000,feature_59,rank,-0.009650512135059734,0.001633463481775732,0.001495251000976694,-0.00013821248079903814
ridge_rank_alpha10000,feature_38,top05_indicator,-0.06871834854752644,0.001633463481775732,0.0014910722741233728,-0.00014239120765235924
ridge_rank_alpha10000,feature_30,bottom05_indicator,-0.02738858467933671,0.001633463481775732,0.0014894320038536524,-0.0001440314779220797
ridge_rank_alpha10000,feature_08,z,0.00275369491018247,0.001633463481775732,0.0014877509367056119,-0.00014571254507012021
ridge_rank_alpha10000,feature_44,rank,0.01192626606195543,0.001633463481775732,0.001487122625999704,-0.00014634085577602818
ridge_rank_alpha10000,feature_43,signed_tail05,0.039462085750717836,0.001633463481775732,0.0014867937236140438,-0.00014666975816168826
ridge_rank_alpha10000,feature_48,abs_z,-0.0020651446682275086,0.001633463481775732,0.0014852706483161615,-0.00014819283345957057
ridge_rank_alpha10000,feature_34,z,0.004121494849766347,0.001633463481775732,0.0014825596605843039,-0.0001509038211914282
ridge_rank_alpha10000,feature_00,z,0.00442478888276041,0.001633463481775732,0.001481292488937025,-0.00015217099283870716
ridge_rank_alpha10000,feature_66,square_z,-0.006529270372314977,0.001633463481775732,0.00148067622166137,-0.00015278726011436206
ridge_rank_alpha10000,feature_03,z,0.0047182433973094505,0.001633463481775732,0.0014782534288461102,-0.00015521005292962187
ridge_rank_alpha10000,feature_06,z,-0.02961256634453502,0.001633463481775732,0.0014761145239965412,-0.0001573489577791909
ridge_rank_alpha10000,feature_38,square_z,-0.006631926706510961,0.001633463481775732,0.0014758455317257502,-0.00015761795004998191
ridge_rank_alpha10000,feature_45,rank,-0.032651592825410844,0.001633463481775732,0.0014758009251044646,-0.0001576625566712675
ridge_rank_alpha10000,feature_12,signed_tail05,-0.022708294766846313,0.001633463481775732,0.001473645231172549,-0.0001598182506031831
ridge_rank_alpha10000,feature_19,bottom05_indicator,-0.021332165401411626,0.001633463481775732,0.001472892948954696,-0.00016057053282103606
ridge_rank_alpha10000,feature_20,top05_indicator,0.016619173812900356,0.001633463481775732,0.0014727147844267874,-0.0001607486973489447
ridge_rank_alpha10000,feature_57,signed_tail05,0.03717169029912293,0.001633463481775732,0.0014719237523348472,-0.0001615397294408849
ridge_rank_alpha10000,feature_67,top05_indicator,-0.027875854765920062,0.001633463481775732,0.0014709082132869922,-0.0001625552684887399
ridge_rank_alpha10000,feature_77,positive_indicator,-0.009651242735356606,0.001633463481775732,0.0014682266585028803,-0.00016523682327285183
ridge_rank_alpha10000,feature_53,bottom05_indicator,-0.03040246466925781,0.001633463481775732,0.0014674781908252665,-0.00016598529095046555
ridge_rank_alpha10000,feature_26,z,0.0035616265631075767,0.001633463481775732,0.0014670001039749359,-0.00016646337780079623
ridge_rank_alpha10000,feature_09,top05_indicator,-0.02315749846561449,0.001633463481775732,0.001466697471753764,-0.00016676601002196811
ridge_rank_alpha10000,feature_69,top05_indicator,-0.04420244821647174,0.001633463481775732,0.0014641254583134256,-0.00016933802346230653
ridge_rank_alpha10000,feature_55,top05_indicator,0.028083990766265682,0.001633463481775732,0.001463857270290192,-0.00016960621148554011
ridge_rank_alpha10000,feature_05,positive_indicator,-0.005718740714416599,0.001633463481775732,0.0014628653747856823,-0.00017059810699004974
ridge_rank_alpha10000,feature_39,abs_z,-0.0031719598553765172,0.001633463481775732,0.0014627126860528028,-0.00017075079572292928
ridge_rank_alpha10000,feature_01,rank,-0.021424751566004603,0.001633463481775732,0.0014606909424358383,-0.00017277253933989378
ridge_rank_alpha10000,feature_08,positive_indicator,0.0062844326040506675,0.001633463481775732,0.0014584226226341812,-0.00017504085914155088
ridge_rank_alpha10000,feature_26,top05_indicator,0.017344760456378106,0.001633463481775732,0.001457801843923634,-0.0001756616378520981
ridge_rank_alpha10000,feature_41,top05_indicator,-0.03636660358700659,0.001633463481775732,0.0014552210449174652,-0.0001782424368582669
ridge_rank_alpha10000,feature_39,square_z,-0.0015142574455396657,0.001633463481775732,0.001450527507447008,-0.000182935974328724
ridge_rank_alpha10000,feature_66,top05_indicator,-0.05498634665568937,0.001633463481775732,0.00144695172444953,-0.00018651175732620207
ridge_rank_alpha10000,feature_24,signed_tail05,0.010073055945772375,0.001633463481775732,0.001446866336717978,-0.00018659714505775415
ridge_rank_alpha10000,feature_04,signed_tail05,0.008982248512939415,0.001633463481775732,0.0014461137891607079,-0.0001873496926150242
ridge_rank_alpha10000,feature_14,top05_indicator,-0.049193238644407555,0.001633463481775732,0.0014438000894979597,-0.0001896633922777724
ridge_rank_alpha10000,feature_44,z,0.004647771128418252,0.001633463481775732,0.0014435610201399829,-0.0001899024616357492
ridge_rank_alpha10000,feature_53,top05_indicator,0.03592829450157078,0.001633463481775732,0.0014343339190593385,-0.0001991295627163936
ridge_rank_alpha10000,feature_41,square_z,-0.004987433576892208,0.001633463481775732,0.001433613843739856,-0.00019984963803587608
ridge_rank_alpha10000,feature_07,signed_tail05,-0.02084404405396644,0.001633463481775732,0.0014278616416555368,-0.00020560184012019533
ridge_rank_alpha10000,feature_27,sign,0.006040212871470984,0.001633463481775732,0.001424626185571931,-0.00020883729620380098
ridge_rank_alpha10000,feature_44,abs_z,-0.006454738418944773,0.001633463481775732,0.001423182069319906,-0.0002102814124558261
ridge_rank_alpha10000,feature_72,z,-0.019412651225654283,0.001633463481775732,0.0014223447949024415,-0.0002111186868732906
ridge_rank_alpha10000,feature_05,top05_indicator,-0.02693276027327392,0.001633463481775732,0.0014189516507175925,-0.00021451183105813953
ridge_rank_alpha10000,feature_45,positive_indicator,-0.013704073786003091,0.001633463481775732,0.0014143871057886725,-0.00021907637598705954
ridge_rank_alpha10000,feature_08,signed_tail05,0.020018048798997105,0.001633463481775732,0.001411820753845383,-0.000221642727930349
ridge_rank_alpha10000,feature_04,top05_indicator,0.022179858834424825,0.001633463481775732,0.001411767354857818,-0.00022169612691791407
ridge_rank_alpha10000,feature_49,abs_z,-0.0034148782522869544,0.001633463481775732,0.0014111085593436767,-0.00022235492243205535
ridge_rank_alpha10000,feature_57,bottom05_indicator,-0.06025762269688041,0.001633463481775732,0.001409594367550282,-0.00022386911422545008
ridge_rank_alpha10000,feature_47,top05_indicator,-0.040907629158455805,0.001633463481775732,0.0014072217499437878,-0.0002262417318319443
ridge_rank_alpha10000,feature_59,abs_z,-0.004526817628875807,0.001633463481775732,0.0014059244362535361,-0.00022753904552219595
ridge_rank_alpha10000,feature_07,abs_z,-0.008175357166979582,0.001633463481775732,0.0014053781210583427,-0.00022808536071738938
ridge_rank_alpha10000,feature_07,positive_indicator,-0.01359277888012034,0.001633463481775732,0.0014038334000429087,-0.0002296300817328234
ridge_rank_alpha10000,feature_35,z,0.0049672189904333315,0.001633463481775732,0.0014035282752613565,-0.0002299352065143756
ridge_rank_alpha10000,feature_39,signed_tail05,-0.010392511113795369,0.001633463481775732,0.0014032624414600514,-0.00023020104031568067
ridge_rank_alpha10000,feature_05,abs_z,-0.006974641076206237,0.001633463481775732,0.0013991425736403773,-0.00023432090813535478
ridge_rank_alpha10000,feature_72,top05_indicator,-0.05688204312238493,0.001633463481775732,0.001396950005608022,-0.00023651347616771012
ridge_rank_alpha10000,feature_56,rank,-0.027171691380906676,0.001633463481775732,0.001394227564231687,-0.00023923591754404505
ridge_rank_alpha10000,feature_05,rank,-0.01056332063796339,0.001633463481775732,0.0013919221080272992,-0.00024154137374843287
ridge_rank_alpha10000,feature_67,z,-0.0208349420838345,0.001633463481775732,0.0013892944669289253,-0.00024416901484680675
ridge_rank_alpha10000,feature_05,sign,-0.005054274338478327,0.001633463481775732,0.001385906949259219,-0.000247556532516513
ridge_rank_alpha10000,feature_06,bottom05_indicator,0.06806607053494745,0.001633463481775732,0.0013829478654509009,-0.0002505156163248312
ridge_rank_alpha10000,feature_07,top05_indicator,-0.04345916688036934,0.001633463481775732,0.0013811067193717497,-0.0002523567624039824
ridge_rank_alpha10000,feature_45,z,-0.009889143073573779,0.001633463481775732,0.001381074769517654,-0.00025238871225807813
ridge_rank_alpha10000,feature_45,top05_indicator,-0.016402039473066357,0.001633463481775732,0.0013776328707593155,-0.0002558306110164166
ridge_rank_alpha10000,feature_50,abs_z,-0.00503091309528773,0.001633463481775732,0.0013764720205141634,-0.0002569914612615687
ridge_rank_alpha10000,feature_52,abs_z,-0.006395144618372541,0.001633463481775732,0.0013734739598909584,-0.00025998952188477364
ridge_rank_alpha10000,feature_70,z,-0.017180861148949317,0.001633463481775732,0.0013728881717965935,-0.0002605753099791386
ridge_rank_alpha10000,feature_52,signed_tail05,-0.02224705462513118,0.001633463481775732,0.0013701861609989319,-0.0002632773207768002
ridge_rank_alpha10000,feature_27,signed_tail05,0.021504562142294358,0.001633463481775732,0.0013682821441698412,-0.0002651813376058909
ridge_rank_alpha10000,feature_45,sign,-0.013403100595532548,0.001633463481775732,0.001362354364887186,-0.000271109116888546
ridge_rank_alpha10000,feature_27,bottom05_indicator,-0.024466372512917615,0.001633463481775732,0.0013541481205315842,-0.0002793153612441479
ridge_rank_alpha10000,feature_26,signed_tail05,0.014385303468913941,0.001633463481775732,0.0013521910602526388,-0.0002812724215230933
ridge_rank_alpha10000,feature_45,signed_tail05,-0.013604582104164122,0.001633463481775732,0.0013476790697016794,-0.0002857844120740527
ridge_rank_alpha10000,feature_73,top05_indicator,-0.031778336575059164,0.001633463481775732,0.0013462667266994632,-0.00028719675507626885
ridge_rank_alpha10000,feature_44,square_z,-0.004160515089490264,0.001633463481775732,0.0013430058905883335,-0.00029045759118739856
ridge_rank_alpha10000,feature_07,sign,-0.01268674572434561,0.001633463481775732,0.00134097769442032,-0.0002924857873554121
ridge_rank_alpha10000,feature_37,square_z,-0.006557408803913658,0.001633463481775732,0.0013393780505077668,-0.00029408543126796527
ridge_rank_alpha10000,feature_34,signed_tail05,0.025625779167749503,0.001633463481775732,0.001338243982910825,-0.00029521949886490706
ridge_rank_alpha10000,feature_69,z,-0.02127797643211276,0.001633463481775732,0.0013375857475227404,-0.0002958777342529917
ridge_rank_alpha10000,feature_59,positive_indicator,-0.009632176353569442,0.001633463481775732,0.0013371022489178097,-0.0002963612328579224
ridge_rank_alpha10000,feature_35,top05_indicator,0.021349765968292207,0.001633463481775732,0.001330452461252296,-0.000303011020523436
ridge_rank_alpha10000,feature_08,bottom05_indicator,-0.050657925182782906,0.001633463481775732,0.0013277204092814188,-0.0003057430724943133
ridge_rank_alpha10000,feature_56,signed_tail05,-0.024772292390852046,0.001633463481775732,0.0013236836466155033,-0.0003097798351602288
ridge_rank_alpha10000,feature_36,square_z,0.004921029241272015,0.001633463481775732,0.0013223064228850001,-0.000311157058890732
ridge_rank_alpha10000,feature_48,positive_indicator,-0.015269159885201472,0.001633463481775732,0.0013179719889145902,-0.00031549149286114186
ridge_rank_alpha10000,feature_38,abs_z,-0.011422934205015646,0.001633463481775732,0.0013171895340450268,-0.0003162739477307053
ridge_rank_alpha10000,feature_37,abs_z,-0.011793533692261176,0.001633463481775732,0.0013167101213741317,-0.0003167533604016004
ridge_rank_alpha10000,feature_35,signed_tail05,0.01990869916375515,0.001633463481775732,0.0013123999616218018,-0.00032106352015393025
ridge_rank_alpha10000,feature_59,bottom05_indicator,-0.038212989889787684,0.001633463481775732,0.001310548351419416,-0.000322915130356316
ridge_rank_alpha10000,feature_14,z,-0.021136327768328925,0.001633463481775732,0.0013056707417871127,-0.00032779273998861935
ridge_rank_alpha10000,feature_44,bottom05_indicator,-0.04771016986801784,0.001633463481775732,0.0013038162635229389,-0.0003296472182527932
ridge_rank_alpha10000,feature_56,z,-0.008653254584313552,0.001633463481775732,0.001301233308083738,-0.00033223017369199415
ridge_rank_alpha10000,feature_50,square_z,-0.0028268188056469724,0.001633463481775732,0.0013008564835877978,-0.00033260699818793427
ridge_rank_alpha10000,feature_07,z,-0.012685377499453556,0.001633463481775732,0.0012937551433749306,-0.0003397083384008015
ridge_rank_alpha10000,feature_58,abs_z,-0.007505783309755522,0.001633463481775732,0.0012925525487790246,-0.0003409109329967075
ridge_rank_alpha10000,feature_12,top05_indicator,-0.05724983799336675,0.001633463481775732,0.001291829853691362,-0.00034163362808437014
ridge_rank_alpha10000,feature_58,bottom05_indicator,-0.05362272811795684,0.001633463481775732,0.0012893461058401945,-0.0003441173759355376
ridge_rank_alpha10000,feature_69,abs_z,-0.019843740290356793,0.001633463481775732,0.001288024805433663,-0.00034543867634206915
ridge_rank_alpha10000,feature_70,abs_z,-0.017759855201622526,0.001633463481775732,0.001287747599157063,-0.00034571588261866903
ridge_rank_alpha10000,feature_48,rank,-0.0378328272477724,0.001633463481775732,0.0012846336325027519,-0.0003488298492729802
ridge_rank_alpha10000,feature_47,abs_z,-0.007090012558141304,0.001633463481775732,0.001282552879842247,-0.0003509106019334851
ridge_rank_alpha10000,feature_06,rank,-0.06534537572338457,0.001633463481775732,0.0012711711829488381,-0.00036229229882689395
ridge_rank_alpha10000,feature_53,signed_tail05,0.033209206119980614,0.001633463481775732,0.0012674933769596386,-0.0003659701048160935
ridge_rank_alpha10000,feature_55,sign,0.008998272283198383,0.001633463481775732,0.0012530919446540612,-0.00038037153712167093
ridge_rank_alpha10000,feature_12,z,-0.02078120666322673,0.001633463481775732,0.0012253491474570888,-0.0004081143343186433
ridge_rank_alpha10000,feature_55,z,0.009938319581299983,0.001633463481775732,0.0012205063726836718,-0.0004129571090920603
ridge_rank_alpha10000,feature_55,rank,0.031795661280616144,0.001633463481775732,0.0012183216306201894,-0.0004151418511555427
ridge_rank_alpha10000,feature_48,sign,-0.014334371495548755,0.001633463481775732,0.0012114555685557304,-0.00042200791322000164
ridge_rank_alpha10000,feature_34,top05_indicator,0.03132943180010799,0.001633463481775732,0.0012057758006900343,-0.00042768768108569777
ridge_rank_alpha10000,feature_07,rank,-0.044034441547259745,0.001633463481775732,0.0011841286793665695,-0.00044933480240916257
ridge_rank_alpha10000,feature_59,sign,-0.009325602785561446,0.001633463481775732,0.0011628369425702445,-0.0004706265392054876
ridge_rank_alpha10000,feature_18,bottom05_indicator,0.05408093217584475,0.001633463481775732,0.0011486578478800968,-0.00048480563389563525
ridge_rank_alpha10000,feature_08,sign,0.007431151802327563,0.001633463481775732,0.0011394694644412118,-0.0004939940173345203
ridge_rank_alpha10000,feature_67,abs_z,-0.02177873072876192,0.001633463481775732,0.0011256163367604488,-0.0005078471450152833
ridge_rank_alpha10000,feature_08,rank,0.024282822159664062,0.001633463481775732,0.0011200073626130846,-0.0005134561191626474
ridge_rank_alpha10000,feature_39,top05_indicator,-0.026692451279949018,0.001633463481775732,0.0010928492361653719,-0.0005406142456103602
ridge_rank_alpha10000,feature_07,square_z,-0.002868458046548771,0.001633463481775732,0.0010693184607539763,-0.0005641450210217558
ridge_rank_alpha10000,feature_14,abs_z,-0.02081999110670741,0.001633463481775732,0.0010684687796731485,-0.0005649947021025836
ridge_rank_alpha10000,feature_12,abs_z,-0.021253311483812775,0.001633463481775732,0.0010588647890098501,-0.0005745986927658819
ridge_rank_alpha10000,feature_52,square_z,-0.0067042935461254305,0.001633463481775732,0.0010547178660350598,-0.0005787456157406723
ridge_rank_alpha10000,feature_72,abs_z,-0.020322427304853223,0.001633463481775732,0.001044643137113832,-0.0005888203446619
ridge_rank_alpha10000,feature_48,z,-0.006668234782752297,0.001633463481775732,0.001035303946878563,-0.0005981595348971691
ridge_rank_alpha10000,feature_58,square_z,-0.002290900603627922,0.001633463481775732,0.0010164491935739095,-0.0006170142882018226
ridge_rank_alpha10000,feature_77,square_z,0.0009394533613931238,0.001633463481775732,0.000990198855038149,-0.000643264626737583
ridge_rank_alpha10000,feature_52,top05_indicator,-0.056237432914618586,0.001633463481775732,0.000970783471050507,-0.0006626800107252251
ridge_rank_alpha10000,feature_05,square_z,-0.0032117925514174067,0.001633463481775732,0.0008390904358439588,-0.0007943730459317733
ridge_rank_alpha10000,feature_59,square_z,-0.0035961037133215258,0.001633463481775732,0.0006078771285539242,-0.001025586353221808
ridge_rank_alpha10000,feature_60,square_z,-0.004073847553532982,0.001633463481775732,0.0001184142244119446,-0.0015150492573637875
ridge_rank_alpha10000,feature_47,square_z,-0.004018993223206236,0.001633463481775732,-0.0007584822168098526,-0.0023919456985855847
ridge_rank_alpha10000,feature_49,square_z,-0.004237604392155402,0.001633463481775732,-0.014703311196644808,-0.01633677467842054
ridge_rank_alpha10000,feature_48,square_z,-0.0033366123880307595,0.001633463481775732,-0.01914295074651462,-0.020776414228290352
